15.0,12.0,0.0,6.0,3.0,4.0,2.0,3.0,7.0,3.0,-1.0,4.0,0.0,1.0,6.0,3.0,5.0,3.0,6.0,0.0,1.0,7.0,4.0,630.0,1114.7636495969125
24.0,21.0,9.0,4.0,6.0,2.0,3.0,6.0,9.0,5.0,0.0,11.0,4.0,2.0,10.0,12.0,8.0,9.0,3.0,6.0,3.0,13.0,4.0,1890.0,625.0
15.0,12.0,0.0,0.0,1.0,2.0,1.0,4.0,1.0,1.0,5.0,4.0,0.0,4.0,5.0,4.0,0.0,4.0,1.0,0.0,0.0,0.0,4.0,1485.8516941485295,635.9441600335867
24.0,21.0,5.0,2.0,5.0,6.0,6.0,6.0,10.0,6.0,1.0,15.0,5.0,2.0,5.0,11.0,0.0,3.0,4.0,5.0,6.0,2.0,3.0,1890.0,625.0
24.0,21.0,10.0,12.0,15.0,9.0,7.0,8.0,13.0,19.0,5.0,3.0,0.0,11.0,14.0,18.0,3.0,2.0,10.0,4.0,2.0,0.0,6.0,1663.3925345543648,1804.6091429295645
15.0,12.0,2.0,6.0,1.0,2.0,1.0,0.0,2.0,1.0,3.0,5.0,3.0,2.0,9.0,4.0,4.0,4.0,5.0,0.0,0.0,6.0,1.0,630.0,1108.6626333918427
24.0,21.0,7.0,17.0,14.0,12.0,3.0,13.0,7.0,2.0,-1.0,0.0,9.0,8.0,9.0,8.0,4.0,5.0,10.0,-1.0,12.0,11.0,6.0,1687.6554285184677,1844.1135898710813
24.0,20.0,6.0,9.0,11.0,-1.0,8.0,15.0,11.0,13.0,10.0,4.0,-1.0,11.0,7.0,14.0,1.0,3.0,12.0,2.0,0.0,5.0,8.0,1702.3132080437583,1875.0
24.0,20.0,9.0,8.0,11.0,0.0,5.0,13.0,12.0,15.0,2.0,4.0,0.0,7.0,15.0,20.0,6.0,1.0,10.0,3.0,1.0,2.0,3.0,1890.0,1809.4232973881428
16.0,21.0,1.0,0.0,6.0,1.0,4.0,6.0,3.0,7.0,4.0,7.0,5.0,3.0,-1.0,3.0,5.0,0.0,6.0,1.0,6.0,5.0,3.0,1275.7231967085193,1869.3736976620949
15.0,17.0,4.0,6.0,4.0,9.0,9.0,3.0,3.0,3.0,1.0,3.0,5.0,-1.0,1.0,5.0,4.0,0.0,2.0,2.0,6.0,0.0,7.0,640.6620691663287,1233.0544489490744
15.0,20.0,-1.0,4.0,8.0,6.0,2.0,4.0,0.0,2.0,3.0,4.0,8.0,11.0,7.0,4.0,2.0,3.0,7.0,12.0,5.0,1.0,7.0,1841.8570265071828,837.3631077878817
22.0,17.0,-1.0,6.0,12.0,12.0,14.0,5.0,11.0,5.0,11.0,5.0,2.0,5.0,11.0,12.0,14.0,6.0,5.0,13.0,5.0,3.0,2.0,1890.0,1875.0
24.0,20.0,14.0,17.0,9.0,14.0,6.0,10.0,13.0,14.0,4.0,0.0,1.0,6.0,13.0,12.0,1.0,4.0,12.0,5.0,3.0,0.0,6.0,1265.5865187511242,1868.984405074637
22.0,17.0,1.0,4.0,20.0,13.0,20.0,3.0,10.0,9.0,12.0,6.0,5.0,7.0,3.0,19.0,8.0,5.0,1.0,13.0,2.0,6.0,2.0,1753.2026990145037,1818.1324593420147
15.0,19.0,2.0,4.0,0.0,6.0,6.0,5.0,2.0,0.0,19.0,6.0,5.0,2.0,12.0,13.0,10.0,1.0,12.0,6.0,12.0,9.0,6.0,797.4358910731686,1851.9772553665036
24.0,21.0,2.0,13.0,14.0,10.0,4.0,9.0,15.0,8.0,2.0,2.0,0.0,12.0,6.0,6.0,0.0,5.0,2.0,3.0,8.0,11.0,13.0,1711.3358787826962,1768.9004724646907
22.0,17.0,0.0,4.0,11.0,14.0,9.0,0.0,11.0,7.0,11.0,10.0,3.0,12.0,6.0,13.0,6.0,0.0,-1.0,18.0,0.0,5.0,5.0,1877.8631591353192,1874.12970828749
15.0,20.0,2.0,1.0,1.0,8.0,4.0,3.0,0.0,1.0,8.0,2.0,8.0,5.0,4.0,4.0,4.0,0.0,2.0,6.0,4.0,2.0,5.0,1604.8846850020475,1346.0599760624184
24.0,21.0,4.0,20.0,13.0,11.0,3.0,10.0,6.0,3.0,1.0,0.0,8.0,6.0,5.0,8.0,1.0,6.0,8.0,1.0,12.0,8.0,9.0,1697.9791726073345,1875.0
23.0,17.0,1.0,2.0,10.0,13.0,12.0,6.0,10.0,11.0,15.0,11.0,6.0,7.0,3.0,11.0,9.0,1.0,3.0,12.0,5.0,11.0,12.0,1890.0,1698.2472835665076
23.0,20.0,5.0,1.0,9.0,2.0,2.0,0.0,8.0,6.0,8.0,13.0,3.0,1.0,8.0,9.0,5.0,3.0,8.0,2.0,8.0,12.0,5.0,1619.221324134247,680.8585743172406
23.0,20.0,0.0,9.0,12.0,13.0,7.0,10.0,10.0,6.0,2.0,2.0,0.0,11.0,3.0,9.0,5.0,4.0,1.0,7.0,9.0,10.0,7.0,1708.311028780225,1795.4075082548254
15.0,12.0,3.0,1.0,2.0,14.0,3.0,5.0,1.0,2.0,3.0,5.0,1.0,0.0,2.0,1.0,3.0,0.0,1.0,4.0,4.0,2.0,5.0,1734.0965585117976,1418.1267841446388
15.0,12.0,3.0,0.0,0.0,0.0,-1.0,4.0,7.0,0.0,0.0,5.0,1.0,5.0,5.0,6.0,3.0,1.0,0.0,3.0,4.0,3.0,0.0,1022.8075412257333,1015.0553729682949
21.0,19.0,10.0,0.0,11.0,5.0,9.0,5.0,12.0,15.0,3.0,4.0,7.0,4.0,4.0,6.0,11.0,7.0,3.0,10.0,3.0,0.0,4.0,630.0,1594.6969622583722
15.0,12.0,0.0,3.0,2.0,3.0,2.0,2.0,5.0,4.0,-1.0,4.0,0.0,0.0,5.0,6.0,4.0,2.0,9.0,0.0,2.0,8.0,8.0,815.6495153328252,1137.2043742593119
15.0,19.0,18.0,4.0,8.0,14.0,5.0,9.0,18.0,3.0,17.0,12.0,9.0,13.0,6.0,19.0,12.0,10.0,0.0,1.0,9.0,13.0,11.0,630.0,1854.4907769764425
15.0,16.0,0.0,3.0,2.0,2.0,7.0,0.0,0.0,0.0,3.0,1.0,6.0,4.0,0.0,5.0,1.0,6.0,6.0,0.0,2.0,0.0,2.0,1254.1813550838194,1762.960165094158
15.0,19.0,20.0,3.0,5.0,11.0,5.0,8.0,12.0,6.0,14.0,14.0,5.0,13.0,5.0,19.0,12.0,6.0,0.0,1.0,13.0,16.0,12.0,638.9346815738088,1875.0
16.0,19.0,2.0,-1.0,9.0,0.0,8.0,2.0,3.0,4.0,0.0,-1.0,2.0,7.0,1.0,3.0,0.0,6.0,3.0,5.0,0.0,5.0,3.0,1187.5101174897113,1667.735832988753
15.0,12.0,10.0,8.0,0.0,3.0,3.0,3.0,10.0,2.0,0.0,2.0,3.0,0.0,1.0,-1.0,7.0,0.0,0.0,2.0,7.0,0.0,1.0,1890.0,966.4984651141873
22.0,17.0,7.0,9.0,2.0,2.0,5.0,14.0,9.0,9.0,1.0,8.0,3.0,7.0,6.0,17.0,7.0,7.0,7.0,0.0,4.0,2.0,7.0,1669.0896307486885,1875.0
15.0,15.0,3.0,1.0,0.0,1.0,2.0,5.0,1.0,1.0,0.0,0.0,0.0,1.0,6.0,3.0,6.0,6.0,-1.0,4.0,3.0,0.0,0.0,1483.7070064966451,1232.5954997251015
24.0,20.0,13.0,12.0,2.0,2.0,12.0,0.0,12.0,15.0,13.0,3.0,0.0,0.0,13.0,20.0,8.0,0.0,5.0,6.0,12.0,6.0,4.0,1890.0,1355.7887157906766
15.0,14.0,11.0,5.0,19.0,1.0,13.0,16.0,6.0,14.0,20.0,3.0,1.0,8.0,18.0,8.0,14.0,12.0,3.0,6.0,12.0,3.0,8.0,630.0,1875.0
24.0,20.0,4.0,5.0,11.0,12.0,9.0,4.0,10.0,4.0,6.0,6.0,0.0,11.0,0.0,7.0,0.0,2.0,2.0,2.0,10.0,13.0,8.0,1543.8557593626924,1093.9183846098651
15.0,12.0,0.0,6.0,2.0,6.0,5.0,6.0,2.0,3.0,4.0,1.0,5.0,0.0,9.0,2.0,5.0,1.0,5.0,0.0,6.0,6.0,2.0,630.0,1206.6015807047336
15.0,15.0,5.0,10.0,16.0,4.0,12.0,19.0,8.0,15.0,20.0,4.0,3.0,18.0,13.0,12.0,6.0,11.0,3.0,0.0,15.0,5.0,7.0,732.3924444163875,1844.8060475952136
15.0,16.0,15.0,0.0,7.0,0.0,4.0,2.0,0.0,4.0,0.0,5.0,0.0,2.0,0.0,0.0,0.0,2.0,0.0,4.0,1.0,0.0,0.0,1593.051854343184,1346.5064991472611
23.0,17.0,6.0,5.0,11.0,0.0,3.0,13.0,12.0,20.0,2.0,4.0,3.0,9.0,13.0,16.0,4.0,4.0,10.0,1.0,0.0,1.0,4.0,1862.7129355139002,1805.3065935285813
15.0,21.0,4.0,1.0,6.0,9.0,2.0,2.0,8.0,2.0,8.0,6.0,3.0,3.0,-1.0,2.0,1.0,0.0,7.0,7.0,9.0,5.0,8.0,1179.5730265028226,1875.0
15.0,20.0,0.0,4.0,4.0,8.0,7.0,2.0,0.0,5.0,0.0,2.0,2.0,0.0,6.0,1.0,7.0,1.0,0.0,6.0,13.0,2.0,6.0,1890.0,811.4293406355861
15.0,12.0,0.0,0.0,5.0,0.0,3.0,5.0,3.0,3.0,0.0,2.0,-1.0,14.0,5.0,0.0,0.0,6.0,0.0,5.0,5.0,2.0,3.0,1227.0568358342985,721.2621922975269
15.0,21.0,4.0,8.0,3.0,6.0,5.0,5.0,5.0,4.0,4.0,8.0,8.0,1.0,0.0,7.0,2.0,2.0,3.0,3.0,3.0,4.0,5.0,1691.7420217788058,998.9253965820127
15.0,17.0,3.0,1.0,0.0,6.0,5.0,4.0,8.0,0.0,19.0,5.0,2.0,8.0,7.0,7.0,11.0,9.0,8.0,4.0,8.0,8.0,7.0,630.0,1848.5366882371045
15.0,12.0,4.0,4.0,2.0,0.0,-1.0,0.0,9.0,3.0,0.0,0.0,0.0,2.0,3.0,3.0,1.0,-1.0,2.0,1.0,2.0,4.0,3.0,1463.893496701603,1523.0435248824085
15.0,20.0,2.0,-1.0,4.0,7.0,5.0,1.0,0.0,0.0,6.0,2.0,7.0,5.0,3.0,0.0,3.0,0.0,2.0,0.0,4.0,3.0,4.0,1716.972504151442,1616.9612204308955
24.0,20.0,7.0,0.0,11.0,3.0,5.0,9.0,5.0,10.0,8.0,9.0,4.0,9.0,6.0,3.0,13.0,12.0,5.0,7.0,1.0,6.0,11.0,958.766889436787,1804.2498809290557
15.0,12.0,0.0,1.0,0.0,6.0,1.0,8.0,-1.0,0.0,1.0,2.0,1.0,3.0,8.0,4.0,-1.0,0.0,-1.0,0.0,0.0,1.0,2.0,1385.3119064490832,682.77823538526
15.0,20.0,6.0,0.0,3.0,7.0,4.0,5.0,0.0,5.0,0.0,8.0,0.0,6.0,4.0,4.0,5.0,0.0,5.0,7.0,0.0,5.0,2.0,991.7980350387666,1868.3749817834826
15.0,15.0,10.0,0.0,1.0,1.0,3.0,8.0,0.0,7.0,2.0,3.0,7.0,1.0,1.0,9.0,6.0,4.0,0.0,5.0,0.0,4.0,3.0,860.2775347857839,1875.0
15.0,15.0,8.0,0.0,3.0,4.0,6.0,5.0,2.0,3.0,5.0,3.0,0.0,0.0,6.0,4.0,0.0,5.0,1.0,2.0,1.0,-1.0,4.0,780.7214400319574,1642.0658603964603
21.0,21.0,6.0,9.0,0.0,11.0,12.0,15.0,5.0,8.0,0.0,4.0,4.0,3.0,13.0,0.0,11.0,9.0,11.0,0.0,0.0,3.0,4.0,1459.0929728078804,1772.9643946405924
15.0,15.0,1.0,0.0,5.0,3.0,0.0,0.0,1.0,3.0,0.0,0.0,0.0,-1.0,1.0,3.0,1.0,2.0,0.0,0.0,1.0,4.0,1.0,1404.2456922624474,1399.6831372304912
15.0,19.0,19.0,6.0,7.0,13.0,7.0,11.0,13.0,1.0,20.0,11.0,8.0,13.0,7.0,19.0,12.0,7.0,0.0,1.0,10.0,10.0,8.0,740.6783384461845,1809.6173240823794
15.0,19.0,3.0,0.0,1.0,7.0,8.0,7.0,4.0,1.0,19.0,6.0,3.0,1.0,8.0,10.0,8.0,2.0,12.0,4.0,6.0,8.0,5.0,727.5528076465796,1843.2117256987708
15.0,12.0,4.0,2.0,0.0,0.0,0.0,2.0,4.0,0.0,-1.0,6.0,2.0,5.0,3.0,4.0,4.0,0.0,0.0,3.0,5.0,4.0,0.0,994.0348861360272,894.1166931640158
15.0,14.0,0.0,2.0,1.0,4.0,1.0,6.0,1.0,2.0,1.0,1.0,5.0,5.0,0.0,6.0,7.0,4.0,4.0,1.0,5.0,1.0,1.0,1339.4473010834247,1508.7933005282118
15.0,16.0,-1.0,0.0,3.0,2.0,2.0,3.0,8.0,5.0,5.0,0.0,3.0,3.0,0.0,3.0,6.0,-1.0,0.0,3.0,2.0,0.0,8.0,1279.8899683099758,1678.8532269931225
15.0,19.0,10.0,1.0,10.0,14.0,4.0,9.0,17.0,5.0,20.0,16.0,8.0,20.0,13.0,20.0,11.0,8.0,3.0,6.0,7.0,10.0,7.0,630.0,1829.311964385712
15.0,20.0,0.0,3.0,0.0,2.0,0.0,3.0,0.0,5.0,0.0,1.0,6.0,0.0,3.0,3.0,3.0,0.0,2.0,10.0,10.0,0.0,5.0,1879.3530357882062,799.5859961889659
24.0,20.0,14.0,12.0,9.0,11.0,6.0,9.0,13.0,16.0,4.0,1.0,0.0,7.0,20.0,11.0,2.0,5.0,11.0,4.0,4.0,0.0,6.0,1535.042895426557,1875.0
15.0,18.0,1.0,0.0,6.0,4.0,5.0,5.0,7.0,7.0,2.0,4.0,4.0,0.0,1.0,0.0,7.0,5.0,3.0,3.0,3.0,1.0,0.0,1058.5216471816111,1743.5438459572108
21.0,19.0,5.0,4.0,10.0,10.0,7.0,11.0,11.0,5.0,0.0,4.0,3.0,9.0,-1.0,5.0,12.0,4.0,3.0,6.0,3.0,1.0,10.0,630.0,1491.4270482746083
23.0,17.0,9.0,6.0,4.0,6.0,12.0,5.0,9.0,8.0,13.0,1.0,6.0,6.0,5.0,12.0,8.0,3.0,10.0,10.0,10.0,10.0,6.0,1703.7655356516743,1688.8442262441931
15.0,17.0,5.0,4.0,12.0,3.0,0.0,0.0,1.0,11.0,1.0,1.0,0.0,9.0,2.0,4.0,4.0,8.0,4.0,4.0,0.0,15.0,3.0,1786.5791468039802,625.0
15.0,19.0,11.0,1.0,9.0,12.0,9.0,8.0,20.0,5.0,19.0,15.0,6.0,19.0,12.0,20.0,10.0,8.0,3.0,8.0,10.0,10.0,13.0,760.1275373335512,1676.9453375198989
16.0,12.0,3.0,1.0,-1.0,8.0,0.0,0.0,0.0,4.0,8.0,2.0,0.0,10.0,3.0,-1.0,3.0,4.0,1.0,-1.0,0.0,0.0,3.0,1857.4415338596862,909.115799013975
16.0,15.0,10.0,0.0,3.0,0.0,2.0,1.0,-1.0,4.0,3.0,1.0,10.0,4.0,0.0,0.0,1.0,4.0,0.0,4.0,-1.0,2.0,1.0,953.8782280261842,1853.8560415814718
15.0,19.0,2.0,0.0,7.0,5.0,5.0,2.0,0.0,2.0,9.0,1.0,7.0,6.0,1.0,4.0,8.0,5.0,9.0,5.0,8.0,1.0,4.0,1482.984110056975,1291.98519429101
24.0,20.0,0.0,4.0,8.0,2.0,11.0,7.0,10.0,5.0,6.0,9.0,4.0,8.0,11.0,10.0,3.0,5.0,13.0,3.0,-1.0,12.0,11.0,1478.345368916831,1853.74663383556
15.0,12.0,2.0,8.0,1.0,2.0,0.0,8.0,7.0,-1.0,1.0,0.0,2.0,4.0,0.0,-1.0,4.0,5.0,0.0,0.0,0.0,2.0,1.0,1629.70907959616,1465.353663349933
15.0,12.0,6.0,1.0,0.0,7.0,1.0,1.0,2.0,0.0,1.0,5.0,2.0,1.0,0.0,2.0,2.0,0.0,1.0,7.0,1.0,0.0,0.0,957.9232879174932,1568.7841460766922
23.0,17.0,1.0,6.0,19.0,14.0,11.0,3.0,12.0,8.0,11.0,6.0,4.0,11.0,3.0,12.0,12.0,0.0,2.0,13.0,0.0,5.0,3.0,1881.4874384092368,1875.0
15.0,12.0,1.0,0.0,3.0,0.0,0.0,2.0,3.0,9.0,3.0,3.0,2.0,2.0,-1.0,1.0,16.0,1.0,0.0,4.0,3.0,1.0,2.0,667.3285618147518,1873.792394894436
15.0,15.0,10.0,8.0,2.0,2.0,8.0,3.0,0.0,0.0,0.0,-1.0,2.0,9.0,7.0,2.0,3.0,3.0,4.0,4.0,3.0,2.0,2.0,1222.9126636260041,1826.6247327907163
21.0,19.0,5.0,-1.0,13.0,6.0,13.0,6.0,10.0,11.0,1.0,5.0,4.0,5.0,4.0,7.0,11.0,6.0,4.0,9.0,3.0,0.0,4.0,681.5540158996063,1788.7605106182589
22.0,17.0,11.0,15.0,13.0,2.0,20.0,1.0,12.0,4.0,3.0,2.0,1.0,7.0,7.0,2.0,5.0,11.0,19.0,3.0,6.0,18.0,14.0,1877.969768977099,1875.0
24.0,20.0,8.0,3.0,5.0,9.0,6.0,9.0,5.0,4.0,3.0,5.0,3.0,13.0,2.0,6.0,12.0,3.0,3.0,1.0,1.0,5.0,4.0,1219.743427201326,1875.0
22.0,20.0,10.0,5.0,9.0,0.0,12.0,6.0,10.0,14.0,13.0,2.0,3.0,0.0,4.0,10.0,4.0,2.0,13.0,9.0,6.0,11.0,10.0,1890.0,1817.4331900859088
22.0,17.0,3.0,6.0,7.0,10.0,11.0,3.0,11.0,4.0,20.0,5.0,2.0,7.0,13.0,13.0,20.0,15.0,6.0,13.0,7.0,8.0,3.0,1883.2985294703237,1736.2822392680428
23.0,20.0,5.0,1.0,9.0,5.0,3.0,0.0,6.0,4.0,8.0,13.0,4.0,0.0,4.0,10.0,8.0,3.0,6.0,-1.0,11.0,12.0,5.0,1655.0061794108253,625.0
15.0,15.0,0.0,0.0,4.0,0.0,0.0,0.0,0.0,4.0,2.0,-1.0,0.0,0.0,5.0,7.0,0.0,0.0,2.0,3.0,3.0,0.0,5.0,1595.0427862722165,625.0
15.0,12.0,2.0,1.0,-1.0,4.0,0.0,6.0,0.0,1.0,0.0,-1.0,0.0,0.0,1.0,-1.0,8.0,0.0,8.0,3.0,2.0,6.0,1.0,1327.2599075766107,1205.9440236229082
15.0,20.0,2.0,3.0,3.0,4.0,8.0,3.0,2.0,1.0,6.0,1.0,2.0,5.0,5.0,0.0,6.0,0.0,0.0,0.0,9.0,0.0,5.0,1549.3573338635306,1204.1160392400138
23.0,20.0,10.0,13.0,12.0,0.0,7.0,12.0,11.0,19.0,3.0,2.0,5.0,10.0,7.0,13.0,5.0,1.0,6.0,2.0,2.0,4.0,8.0,1814.7273332815582,1768.1177976767322
24.0,20.0,7.0,1.0,9.0,11.0,9.0,12.0,12.0,5.0,0.0,6.0,4.0,13.0,4.0,2.0,16.0,8.0,9.0,3.0,0.0,1.0,5.0,913.6128942843611,1818.5664212118309
23.0,17.0,8.0,14.0,2.0,4.0,12.0,4.0,7.0,5.0,8.0,0.0,4.0,0.0,6.0,12.0,13.0,7.0,3.0,7.0,3.0,13.0,2.0,1890.0,1652.0968734276462
15.0,12.0,3.0,6.0,-1.0,1.0,0.0,3.0,4.0,0.0,0.0,6.0,5.0,1.0,2.0,1.0,10.0,7.0,1.0,2.0,6.0,3.0,4.0,964.1570759472639,833.2141752909267
15.0,20.0,3.0,2.0,7.0,4.0,7.0,6.0,-1.0,2.0,5.0,7.0,6.0,-1.0,1.0,6.0,7.0,-1.0,1.0,4.0,1.0,5.0,3.0,1823.931876318323,947.6977446406203
15.0,19.0,2.0,0.0,9.0,12.0,15.0,11.0,7.0,2.0,17.0,6.0,13.0,10.0,8.0,7.0,5.0,10.0,3.0,11.0,11.0,11.0,4.0,873.3602945630697,1868.1186464818047
17.0,19.0,3.0,0.0,6.0,5.0,7.0,6.0,10.0,3.0,11.0,6.0,7.0,-1.0,0.0,7.0,5.0,1.0,6.0,5.0,5.0,4.0,2.0,1097.4697160692392,1324.3768002375978
15.0,12.0,3.0,0.0,6.0,2.0,2.0,5.0,0.0,8.0,5.0,3.0,6.0,-1.0,0.0,0.0,2.0,3.0,0.0,-1.0,3.0,2.0,0.0,1218.0336509438446,1552.961720480643
16.0,20.0,3.0,0.0,5.0,0.0,5.0,4.0,1.0,2.0,0.0,1.0,2.0,9.0,0.0,4.0,-1.0,2.0,6.0,3.0,2.0,5.0,1.0,1233.6210424371284,1732.5017974181662
15.0,19.0,16.0,7.0,5.0,12.0,2.0,14.0,10.0,0.0,20.0,11.0,3.0,12.0,6.0,12.0,16.0,10.0,0.0,4.0,7.0,10.0,8.0,703.631653221326,1875.0
15.0,21.0,3.0,6.0,6.0,1.0,9.0,5.0,1.0,7.0,4.0,7.0,5.0,0.0,1.0,5.0,6.0,-1.0,0.0,4.0,0.0,7.0,3.0,1782.1381988847863,1028.3751513344891
15.0,14.0,20.0,4.0,18.0,0.0,13.0,20.0,5.0,17.0,20.0,4.0,1.0,6.0,19.0,5.0,14.0,13.0,2.0,4.0,12.0,3.0,6.0,630.0,1875.0
15.0,12.0,0.0,2.0,0.0,0.0,6.0,0.0,4.0,0.0,10.0,10.0,4.0,2.0,-1.0,2.0,6.0,0.0,2.0,10.0,2.0,0.0,0.0,1195.0092583192995,749.3370325338409
15.0,12.0,3.0,1.0,2.0,0.0,-1.0,0.0,3.0,9.0,0.0,1.0,3.0,5.0,1.0,2.0,-1.0,1.0,-1.0,0.0,1.0,7.0,1.0,1890.0,917.9436011462504
24.0,21.0,2.0,12.0,7.0,11.0,7.0,8.0,13.0,5.0,0.0,5.0,0.0,10.0,7.0,3.0,3.0,5.0,2.0,4.0,6.0,8.0,14.0,1621.3574213771326,1811.7125051682108
15.0,12.0,0.0,4.0,3.0,1.0,-1.0,2.0,5.0,4.0,4.0,4.0,-1.0,3.0,4.0,0.0,3.0,3.0,0.0,2.0,3.0,3.0,5.0,1498.01591826562,813.295793513629
15.0,19.0,2.0,2.0,6.0,11.0,5.0,4.0,5.0,1.0,16.0,5.0,3.0,1.0,8.0,10.0,8.0,5.0,8.0,4.0,3.0,8.0,-1.0,630.0,1857.86126268849
24.0,20.0,14.0,7.0,9.0,12.0,6.0,8.0,13.0,17.0,1.0,2.0,0.0,8.0,17.0,11.0,4.0,1.0,10.0,4.0,4.0,-1.0,5.0,1675.4268226797108,1875.0
15.0,15.0,0.0,2.0,0.0,5.0,1.0,6.0,1.0,0.0,2.0,3.0,6.0,1.0,0.0,3.0,3.0,0.0,6.0,2.0,6.0,2.0,2.0,1370.2054513214703,1592.4948164341945
15.0,16.0,0.0,0.0,5.0,1.0,4.0,5.0,4.0,3.0,2.0,1.0,2.0,5.0,-1.0,3.0,9.0,0.0,1.0,4.0,2.0,0.0,9.0,1356.4682802575185,1657.5743498637398
15.0,15.0,-1.0,-1.0,6.0,9.0,6.0,5.0,4.0,7.0,4.0,6.0,0.0,0.0,5.0,1.0,2.0,1.0,3.0,4.0,5.0,6.0,3.0,979.9604934179993,1875.0
24.0,20.0,11.0,4.0,10.0,8.0,4.0,0.0,9.0,1.0,0.0,13.0,9.0,12.0,6.0,7.0,7.0,3.0,8.0,4.0,5.0,5.0,3.0,1873.0756832820364,1289.9050596074776
15.0,16.0,0.0,5.0,5.0,0.0,6.0,6.0,6.0,0.0,2.0,3.0,0.0,1.0,5.0,0.0,5.0,4.0,3.0,3.0,5.0,3.0,3.0,1027.5614933997344,1861.3350311996753
15.0,17.0,2.0,0.0,0.0,4.0,8.0,2.0,0.0,1.0,5.0,2.0,6.0,5.0,4.0,0.0,3.0,0.0,1.0,2.0,6.0,1.0,2.0,1053.0556996603182,1328.3541845561929
15.0,15.0,1.0,0.0,4.0,5.0,2.0,1.0,-1.0,6.0,4.0,5.0,0.0,3.0,8.0,-1.0,5.0,2.0,4.0,0.0,7.0,6.0,5.0,1255.0501032269171,1770.7724017188932
16.0,19.0,1.0,4.0,2.0,7.0,4.0,0.0,0.0,0.0,10.0,4.0,6.0,5.0,3.0,0.0,2.0,0.0,1.0,0.0,4.0,3.0,3.0,1702.2278503886678,1421.2568485415452
23.0,21.0,12.0,6.0,1.0,7.0,5.0,0.0,10.0,2.0,-1.0,13.0,7.0,13.0,5.0,8.0,8.0,3.0,4.0,8.0,4.0,8.0,2.0,1870.7121594905288,800.7861766634828
24.0,21.0,6.0,11.0,8.0,3.0,13.0,7.0,15.0,12.0,16.0,5.0,2.0,10.0,6.0,10.0,8.0,1.0,12.0,4.0,4.0,3.0,12.0,1890.0,1606.4326414960524
15.0,19.0,13.0,9.0,7.0,15.0,6.0,6.0,10.0,5.0,20.0,17.0,9.0,19.0,6.0,18.0,12.0,6.0,2.0,0.0,8.0,6.0,7.0,649.8333106229987,1875.0
15.0,16.0,1.0,1.0,-1.0,1.0,6.0,7.0,0.0,6.0,0.0,3.0,2.0,0.0,2.0,0.0,7.0,0.0,1.0,3.0,11.0,4.0,10.0,1563.5045981006701,625.0
21.0,21.0,5.0,1.0,10.0,7.0,8.0,1.0,7.0,4.0,0.0,13.0,6.0,5.0,5.0,10.0,3.0,5.0,6.0,2.0,3.0,1.0,0.0,1717.42697790778,1248.9858851194363
15.0,12.0,4.0,0.0,0.0,9.0,2.0,0.0,0.0,0.0,8.0,2.0,0.0,5.0,4.0,2.0,2.0,2.0,1.0,0.0,0.0,0.0,2.0,1831.4082983079566,1070.7778959373945
15.0,21.0,0.0,9.0,7.0,0.0,3.0,8.0,2.0,6.0,6.0,9.0,6.0,3.0,4.0,8.0,2.0,0.0,9.0,0.0,9.0,3.0,5.0,1027.946703921072,1875.0
15.0,19.0,20.0,8.0,6.0,11.0,6.0,11.0,10.0,2.0,20.0,8.0,6.0,16.0,7.0,17.0,11.0,9.0,0.0,6.0,8.0,10.0,6.0,837.9924380692019,1776.2890829038847
15.0,12.0,0.0,1.0,3.0,10.0,0.0,9.0,2.0,0.0,4.0,10.0,0.0,-1.0,4.0,3.0,14.0,2.0,4.0,3.0,4.0,9.0,4.0,782.1182192827583,1775.532534860497
15.0,17.0,3.0,9.0,6.0,8.0,6.0,5.0,8.0,3.0,20.0,4.0,1.0,2.0,3.0,6.0,8.0,1.0,12.0,8.0,3.0,2.0,5.0,765.9061967529474,1835.082517513587
15.0,19.0,3.0,6.0,6.0,2.0,2.0,1.0,5.0,6.0,8.0,11.0,7.0,6.0,8.0,8.0,0.0,0.0,8.0,0.0,8.0,2.0,11.0,805.5642345736292,1676.643035576471
15.0,19.0,0.0,4.0,0.0,4.0,0.0,5.0,0.0,2.0,0.0,1.0,10.0,0.0,3.0,2.0,3.0,0.0,4.0,13.0,12.0,0.0,2.0,1890.0,625.0
15.0,20.0,5.0,6.0,4.0,3.0,6.0,4.0,9.0,9.0,5.0,4.0,6.0,0.0,1.0,5.0,4.0,1.0,0.0,6.0,0.0,5.0,0.0,1797.0618137368458,1333.8856509146192
15.0,12.0,3.0,1.0,2.0,3.0,1.0,2.0,-1.0,4.0,6.0,4.0,-1.0,3.0,4.0,1.0,1.0,4.0,1.0,0.0,1.0,6.0,0.0,1055.0326119069082,1385.1171936546016
15.0,13.0,1.0,-1.0,1.0,4.0,5.0,1.0,2.0,3.0,4.0,6.0,3.0,6.0,6.0,6.0,7.0,0.0,2.0,1.0,1.0,3.0,6.0,854.8649646405574,1875.0
15.0,12.0,0.0,3.0,-1.0,1.0,5.0,0.0,-1.0,0.0,0.0,9.0,1.0,0.0,2.0,2.0,0.0,2.0,3.0,2.0,2.0,0.0,1.0,735.2294403064203,1752.3284576779988
15.0,12.0,2.0,3.0,4.0,5.0,2.0,3.0,2.0,0.0,6.0,2.0,2.0,0.0,6.0,5.0,-1.0,6.0,0.0,5.0,10.0,-1.0,2.0,915.9222112594707,1394.8502519633387
15.0,12.0,7.0,0.0,2.0,-1.0,0.0,3.0,2.0,3.0,4.0,3.0,0.0,0.0,0.0,0.0,2.0,2.0,0.0,3.0,0.0,1.0,1.0,1535.3870880772392,1096.2381434553974
24.0,20.0,6.0,4.0,12.0,0.0,10.0,9.0,7.0,11.0,6.0,7.0,3.0,7.0,2.0,10.0,15.0,4.0,3.0,13.0,5.0,12.0,8.0,1890.0,1794.7059089806662
18.0,16.0,0.0,-1.0,5.0,7.0,8.0,9.0,0.0,-1.0,-1.0,9.0,6.0,5.0,5.0,0.0,2.0,7.0,9.0,6.0,0.0,3.0,5.0,1467.0779569578817,1710.1677653712043
15.0,12.0,0.0,0.0,0.0,2.0,3.0,0.0,5.0,2.0,0.0,5.0,-1.0,2.0,6.0,4.0,3.0,0.0,0.0,6.0,-1.0,0.0,-1.0,1183.7642421539877,1188.8370945029094
15.0,14.0,10.0,5.0,4.0,11.0,4.0,15.0,14.0,5.0,17.0,20.0,7.0,19.0,4.0,11.0,8.0,4.0,1.0,2.0,13.0,6.0,5.0,650.4990254554225,1875.0
15.0,12.0,10.0,2.0,3.0,2.0,0.0,4.0,2.0,2.0,8.0,8.0,8.0,0.0,-1.0,-1.0,0.0,2.0,0.0,3.0,2.0,1.0,3.0,1646.3898221096767,1003.7014251753646
15.0,12.0,2.0,-1.0,2.0,0.0,1.0,4.0,2.0,3.0,2.0,4.0,1.0,3.0,4.0,4.0,0.0,9.0,1.0,4.0,0.0,-1.0,4.0,1403.6291425188517,713.111357504782
15.0,12.0,1.0,0.0,5.0,1.0,3.0,0.0,0.0,1.0,4.0,2.0,1.0,2.0,5.0,1.0,0.0,4.0,3.0,2.0,3.0,4.0,4.0,1352.9688811760627,924.6842668403724
15.0,12.0,3.0,3.0,3.0,1.0,2.0,3.0,-1.0,1.0,0.0,4.0,0.0,0.0,4.0,1.0,4.0,0.0,2.0,0.0,1.0,0.0,0.0,1193.1609022319792,1461.4004947653536
15.0,12.0,1.0,2.0,3.0,3.0,2.0,5.0,5.0,3.0,1.0,0.0,5.0,5.0,7.0,4.0,-1.0,0.0,0.0,9.0,0.0,0.0,10.0,1551.9504154194829,1875.0
15.0,15.0,4.0,8.0,3.0,8.0,0.0,3.0,5.0,4.0,5.0,5.0,2.0,8.0,1.0,0.0,6.0,0.0,2.0,4.0,5.0,3.0,1.0,1269.9240978234445,1560.1890884760414
15.0,12.0,2.0,0.0,2.0,5.0,2.0,1.0,6.0,1.0,3.0,-1.0,1.0,2.0,5.0,0.0,1.0,4.0,4.0,3.0,3.0,1.0,0.0,630.0,1150.9764679977689
15.0,19.0,13.0,6.0,6.0,5.0,10.0,13.0,5.0,5.0,16.0,8.0,6.0,15.0,3.0,17.0,14.0,12.0,12.0,0.0,12.0,13.0,5.0,630.0,1875.0
15.0,14.0,0.0,0.0,3.0,0.0,-1.0,0.0,0.0,2.0,3.0,0.0,4.0,-1.0,4.0,6.0,0.0,0.0,7.0,6.0,2.0,0.0,4.0,1570.230678249714,625.0
15.0,15.0,7.0,0.0,1.0,2.0,4.0,2.0,0.0,7.0,2.0,2.0,7.0,2.0,2.0,2.0,6.0,0.0,0.0,3.0,0.0,5.0,2.0,924.419345123736,1854.1053319916393
15.0,21.0,2.0,1.0,2.0,1.0,8.0,3.0,0.0,3.0,6.0,-1.0,0.0,3.0,2.0,5.0,4.0,1.0,3.0,4.0,4.0,3.0,4.0,1527.4699342092772,1855.389408014466
15.0,12.0,4.0,0.0,3.0,1.0,0.0,0.0,0.0,7.0,2.0,2.0,1.0,4.0,4.0,4.0,9.0,0.0,0.0,3.0,0.0,0.0,2.0,630.0,1743.1037190390055
15.0,12.0,5.0,0.0,-1.0,4.0,0.0,-1.0,7.0,7.0,1.0,-1.0,0.0,0.0,1.0,-1.0,1.0,-1.0,1.0,5.0,7.0,4.0,-1.0,1721.8078485248748,825.8113496619749
15.0,15.0,3.0,0.0,0.0,3.0,3.0,0.0,0.0,1.0,1.0,13.0,5.0,0.0,0.0,0.0,-1.0,-1.0,0.0,5.0,5.0,0.0,1.0,1022.1008176302497,762.1410535691156
24.0,21.0,8.0,11.0,7.0,1.0,13.0,10.0,12.0,13.0,12.0,3.0,1.0,11.0,11.0,8.0,7.0,3.0,5.0,4.0,5.0,6.0,12.0,1890.0,1272.51018340254
24.0,20.0,1.0,13.0,13.0,5.0,6.0,6.0,17.0,7.0,3.0,0.0,0.0,12.0,5.0,8.0,0.0,4.0,1.0,3.0,3.0,11.0,10.0,1706.2541551258444,1726.3909227364843
15.0,21.0,-1.0,0.0,6.0,1.0,5.0,8.0,2.0,6.0,2.0,8.0,8.0,4.0,-1.0,3.0,6.0,0.0,8.0,2.0,8.0,1.0,3.0,1112.1356116079241,1865.6138439934257
15.0,20.0,0.0,4.0,0.0,5.0,8.0,3.0,3.0,0.0,5.0,1.0,3.0,5.0,2.0,0.0,6.0,0.0,2.0,0.0,8.0,0.0,3.0,1358.446461542666,1142.8338332108428
15.0,12.0,3.0,1.0,3.0,0.0,0.0,3.0,-1.0,8.0,3.0,4.0,1.0,0.0,5.0,4.0,7.0,5.0,2.0,4.0,4.0,0.0,2.0,882.260161602424,1872.4884952388584
15.0,12.0,2.0,0.0,5.0,2.0,0.0,5.0,0.0,5.0,7.0,2.0,-1.0,7.0,3.0,1.0,2.0,5.0,0.0,3.0,0.0,5.0,2.0,975.1724837977164,1149.891663926982
15.0,17.0,2.0,9.0,9.0,18.0,9.0,5.0,4.0,14.0,5.0,1.0,1.0,1.0,6.0,0.0,7.0,3.0,6.0,4.0,6.0,4.0,4.0,1015.9495861131329,1838.0880212447237
15.0,15.0,1.0,1.0,3.0,0.0,0.0,1.0,4.0,3.0,16.0,4.0,3.0,0.0,0.0,7.0,0.0,0.0,3.0,4.0,0.0,-1.0,1.0,1501.6321458516536,1244.9489391674776
15.0,12.0,0.0,3.0,0.0,5.0,3.0,0.0,1.0,0.0,0.0,6.0,0.0,1.0,0.0,2.0,0.0,1.0,7.0,2.0,1.0,3.0,0.0,732.5031325321169,1652.2554525070595
15.0,19.0,1.0,4.0,9.0,4.0,10.0,3.0,6.0,6.0,0.0,4.0,2.0,9.0,1.0,9.0,2.0,2.0,10.0,9.0,6.0,3.0,5.0,960.4098715044618,1777.332381058353
15.0,12.0,1.0,6.0,0.0,1.0,1.0,1.0,6.0,1.0,6.0,9.0,0.0,3.0,5.0,8.0,8.0,3.0,4.0,0.0,0.0,8.0,0.0,865.3011691784523,1143.2003149813404
15.0,15.0,0.0,0.0,6.0,4.0,5.0,5.0,5.0,8.0,4.0,3.0,3.0,7.0,9.0,4.0,7.0,4.0,1.0,1.0,1.0,0.0,0.0,1274.0447671212592,1529.4538183085328
24.0,20.0,5.0,13.0,8.0,8.0,14.0,17.0,11.0,12.0,13.0,9.0,1.0,10.0,6.0,8.0,8.0,1.0,10.0,6.0,3.0,2.0,11.0,1859.3013839269772,1719.4144842767955
23.0,21.0,-1.0,11.0,8.0,5.0,12.0,11.0,14.0,14.0,13.0,6.0,0.0,9.0,7.0,10.0,3.0,-1.0,15.0,4.0,1.0,4.0,11.0,1857.008762116613,1875.0
23.0,20.0,10.0,6.0,0.0,6.0,3.0,-1.0,10.0,5.0,5.0,16.0,6.0,13.0,6.0,9.0,14.0,3.0,9.0,3.0,3.0,12.0,3.0,1657.141870581179,751.7862881399353
15.0,14.0,7.0,1.0,10.0,0.0,5.0,4.0,0.0,2.0,4.0,2.0,0.0,0.0,-1.0,0.0,-1.0,7.0,5.0,0.0,2.0,2.0,4.0,1785.8963886117215,1072.7130717952257
15.0,20.0,1.0,6.0,4.0,7.0,2.0,0.0,0.0,5.0,3.0,6.0,7.0,1.0,6.0,2.0,3.0,1.0,0.0,13.0,9.0,0.0,6.0,1889.602448029931,848.3867705511236
24.0,20.0,1.0,13.0,11.0,7.0,5.0,10.0,20.0,6.0,12.0,4.0,0.0,7.0,3.0,9.0,-1.0,1.0,6.0,3.0,6.0,9.0,10.0,1602.6431054484292,1875.0
15.0,17.0,16.0,5.0,15.0,15.0,9.0,7.0,20.0,7.0,20.0,20.0,6.0,15.0,6.0,15.0,7.0,10.0,1.0,5.0,4.0,14.0,7.0,639.8669556600659,1865.6359910578642
15.0,15.0,7.0,6.0,0.0,2.0,2.0,4.0,1.0,6.0,1.0,2.0,6.0,6.0,5.0,1.0,5.0,2.0,2.0,1.0,1.0,7.0,1.0,876.8990190006334,1706.4865721799445
16.0,19.0,6.0,6.0,8.0,8.0,4.0,3.0,6.0,4.0,5.0,4.0,10.0,7.0,5.0,6.0,1.0,2.0,5.0,4.0,5.0,8.0,6.0,1756.2061702680392,1060.9677105808314
15.0,19.0,3.0,19.0,19.0,4.0,17.0,20.0,11.0,12.0,20.0,0.0,11.0,16.0,4.0,13.0,12.0,4.0,2.0,8.0,6.0,6.0,5.0,630.0,1591.3567134573877
23.0,21.0,3.0,1.0,8.0,6.0,6.0,8.0,10.0,9.0,0.0,13.0,5.0,1.0,3.0,12.0,2.0,2.0,6.0,5.0,5.0,5.0,3.0,1886.0609412975452,625.0
15.0,12.0,3.0,0.0,7.0,0.0,-1.0,2.0,1.0,5.0,1.0,1.0,4.0,3.0,3.0,6.0,7.0,5.0,1.0,2.0,4.0,0.0,1.0,645.3318360294588,1724.15477211079
15.0,13.0,0.0,0.0,1.0,1.0,8.0,1.0,4.0,5.0,4.0,0.0,-1.0,3.0,8.0,4.0,4.0,4.0,4.0,1.0,8.0,10.0,0.0,1722.973184084385,984.8709474895927
15.0,15.0,1.0,0.0,1.0,5.0,6.0,5.0,1.0,6.0,3.0,4.0,10.0,5.0,2.0,6.0,2.0,0.0,10.0,4.0,2.0,6.0,1.0,1134.338587992976,1346.531726450841
15.0,17.0,4.0,0.0,0.0,5.0,6.0,3.0,8.0,0.0,20.0,7.0,4.0,9.0,7.0,5.0,10.0,10.0,8.0,5.0,17.0,8.0,3.0,777.9916710746054,1839.472020678713
21.0,19.0,3.0,4.0,12.0,11.0,13.0,5.0,9.0,8.0,1.0,8.0,2.0,4.0,6.0,10.0,12.0,5.0,6.0,3.0,8.0,2.0,4.0,630.0,1830.8321432633234
15.0,15.0,-1.0,1.0,1.0,8.0,8.0,10.0,-1.0,4.0,0.0,0.0,3.0,4.0,1.0,2.0,2.0,8.0,7.0,2.0,2.0,0.0,3.0,1371.397636261083,1691.8183017478661
15.0,15.0,8.0,9.0,13.0,5.0,8.0,13.0,4.0,9.0,20.0,9.0,1.0,15.0,17.0,6.0,9.0,11.0,6.0,5.0,14.0,7.0,7.0,630.0,1839.6024186325776
15.0,13.0,1.0,2.0,2.0,-1.0,2.0,0.0,5.0,10.0,0.0,0.0,3.0,-1.0,0.0,-1.0,1.0,0.0,5.0,1.0,3.0,7.0,-1.0,1663.5813448263534,1623.1155293676927
15.0,19.0,16.0,4.0,5.0,9.0,5.0,9.0,9.0,5.0,11.0,12.0,5.0,15.0,6.0,20.0,8.0,6.0,0.0,2.0,12.0,15.0,9.0,630.0,1790.2343578859914
15.0,16.0,4.0,5.0,5.0,7.0,9.0,0.0,3.0,3.0,3.0,7.0,4.0,0.0,5.0,4.0,5.0,1.0,-1.0,14.0,7.0,-1.0,5.0,1890.0,993.3696821782024
15.0,12.0,4.0,4.0,0.0,1.0,6.0,0.0,1.0,5.0,4.0,3.0,4.0,4.0,3.0,1.0,0.0,4.0,4.0,3.0,5.0,-1.0,5.0,1284.98917702448,1100.741474520237
24.0,20.0,12.0,5.0,0.0,12.0,12.0,13.0,6.0,12.0,0.0,4.0,8.0,3.0,11.0,-1.0,12.0,7.0,11.0,1.0,1.0,4.0,13.0,1282.4130978488774,1793.20121647478
21.0,19.0,5.0,4.0,11.0,10.0,4.0,5.0,12.0,6.0,8.0,6.0,1.0,13.0,0.0,6.0,10.0,4.0,6.0,1.0,3.0,2.0,10.0,630.0,1786.4115135786017
15.0,13.0,2.0,-1.0,6.0,4.0,6.0,1.0,4.0,2.0,4.0,7.0,3.0,9.0,5.0,7.0,7.0,1.0,6.0,0.0,0.0,7.0,7.0,1023.7546753267105,1842.314715328144
23.0,20.0,-1.0,10.0,12.0,4.0,10.0,9.0,18.0,12.0,14.0,8.0,3.0,10.0,7.0,9.0,14.0,4.0,11.0,5.0,6.0,3.0,13.0,1856.299224894156,1875.0
15.0,12.0,0.0,0.0,1.0,1.0,5.0,8.0,5.0,-1.0,5.0,2.0,14.0,5.0,5.0,1.0,0.0,7.0,5.0,0.0,5.0,-1.0,1.0,1665.6666325940764,625.0
23.0,20.0,3.0,7.0,11.0,3.0,12.0,6.0,5.0,9.0,3.0,9.0,6.0,4.0,2.0,9.0,12.0,5.0,5.0,13.0,9.0,11.0,11.0,1823.5152177342718,1383.4268151702418
24.0,21.0,8.0,5.0,6.0,8.0,5.0,8.0,4.0,9.0,7.0,3.0,8.0,8.0,3.0,3.0,13.0,13.0,4.0,7.0,1.0,9.0,11.0,978.7537491659692,1462.214872251754
15.0,12.0,0.0,0.0,2.0,-1.0,0.0,6.0,2.0,2.0,11.0,0.0,1.0,5.0,2.0,6.0,2.0,7.0,3.0,5.0,2.0,0.0,3.0,1121.7488362661852,876.0527233694961
15.0,12.0,3.0,0.0,1.0,-1.0,0.0,1.0,1.0,3.0,5.0,5.0,0.0,0.0,0.0,1.0,2.0,5.0,3.0,3.0,0.0,2.0,0.0,1259.1689775771074,1413.9428209304779
15.0,12.0,1.0,1.0,-1.0,2.0,-1.0,3.0,2.0,0.0,0.0,3.0,1.0,7.0,3.0,0.0,5.0,1.0,4.0,1.0,2.0,2.0,1.0,1154.0528241190282,1467.3411799900719
15.0,12.0,2.0,5.0,0.0,6.0,1.0,7.0,5.0,4.0,4.0,1.0,2.0,8.0,4.0,4.0,0.0,2.0,7.0,5.0,1.0,0.0,-1.0,820.5443583303506,1057.825379003396
22.0,17.0,13.0,13.0,12.0,-1.0,11.0,2.0,1.0,14.0,5.0,3.0,2.0,5.0,6.0,3.0,4.0,2.0,17.0,12.0,-1.0,15.0,6.0,1792.1392671859717,1808.8604897482032
15.0,14.0,3.0,1.0,3.0,2.0,0.0,2.0,3.0,3.0,2.0,7.0,2.0,2.0,3.0,9.0,9.0,2.0,5.0,3.0,3.0,2.0,8.0,1424.9737949919424,1875.0
15.0,21.0,0.0,0.0,3.0,0.0,7.0,7.0,1.0,8.0,2.0,8.0,8.0,5.0,0.0,7.0,5.0,-1.0,7.0,0.0,5.0,6.0,4.0,1261.944567937194,1803.6255323842533
15.0,12.0,6.0,0.0,1.0,1.0,2.0,2.0,1.0,2.0,2.0,2.0,-1.0,0.0,0.0,2.0,2.0,2.0,0.0,2.0,0.0,0.0,2.0,1364.4992500639992,1256.3644182876828
24.0,20.0,2.0,5.0,8.0,0.0,7.0,9.0,12.0,10.0,6.0,13.0,4.0,13.0,12.0,13.0,2.0,2.0,15.0,3.0,0.0,11.0,10.0,1408.3721483437077,1839.9956518611627
15.0,12.0,10.0,1.0,8.0,0.0,4.0,2.0,0.0,2.0,0.0,0.0,4.0,0.0,0.0,0.0,-1.0,4.0,1.0,1.0,0.0,0.0,0.0,1547.2494660265172,1290.7871738792323
15.0,12.0,2.0,2.0,1.0,5.0,-1.0,5.0,5.0,2.0,5.0,6.0,-1.0,2.0,0.0,5.0,0.0,0.0,0.0,1.0,5.0,6.0,2.0,1216.7115383475991,693.7531628952808
15.0,16.0,1.0,0.0,0.0,0.0,5.0,0.0,2.0,0.0,0.0,7.0,6.0,7.0,3.0,3.0,3.0,0.0,4.0,7.0,5.0,2.0,2.0,1192.6024177387458,1179.1325969352306
23.0,21.0,3.0,3.0,5.0,6.0,13.0,0.0,2.0,5.0,0.0,11.0,5.0,1.0,6.0,9.0,5.0,9.0,11.0,4.0,7.0,4.0,3.0,1479.4367605471066,863.4223413274666
15.0,16.0,7.0,0.0,4.0,1.0,-1.0,-1.0,6.0,2.0,2.0,0.0,1.0,-1.0,5.0,2.0,6.0,3.0,1.0,0.0,3.0,0.0,3.0,1384.4513928628116,1469.832371333149
15.0,12.0,0.0,7.0,4.0,4.0,0.0,2.0,1.0,0.0,1.0,1.0,0.0,2.0,3.0,2.0,3.0,3.0,-1.0,2.0,-1.0,0.0,7.0,1409.2486154315295,625.0
15.0,13.0,1.0,6.0,6.0,4.0,0.0,0.0,-1.0,7.0,0.0,5.0,7.0,8.0,0.0,-1.0,5.0,0.0,0.0,4.0,4.0,3.0,-1.0,974.0151830290055,1688.7847865637136
15.0,13.0,1.0,6.0,1.0,4.0,0.0,4.0,-1.0,5.0,2.0,4.0,5.0,5.0,0.0,0.0,4.0,0.0,0.0,4.0,2.0,4.0,-1.0,1097.2917667728075,1293.8468941742103
15.0,20.0,5.0,1.0,6.0,6.0,11.0,5.0,0.0,4.0,5.0,8.0,8.0,2.0,0.0,2.0,6.0,3.0,0.0,1.0,0.0,6.0,2.0,1749.5645589862747,869.1991069749517
24.0,21.0,7.0,7.0,12.0,4.0,10.0,9.0,16.0,6.0,5.0,0.0,3.0,10.0,4.0,9.0,2.0,5.0,7.0,3.0,10.0,13.0,9.0,1723.6037095535933,1742.5236440762014
15.0,13.0,2.0,0.0,5.0,0.0,2.0,3.0,0.0,3.0,3.0,2.0,1.0,5.0,4.0,0.0,0.0,4.0,2.0,1.0,2.0,3.0,3.0,1772.177411711825,900.1452974471381
15.0,12.0,4.0,0.0,5.0,0.0,0.0,0.0,0.0,9.0,4.0,2.0,4.0,0.0,-1.0,4.0,8.0,3.0,0.0,2.0,3.0,0.0,3.0,630.0,1871.9435907193397
23.0,17.0,13.0,12.0,13.0,-1.0,11.0,4.0,2.0,14.0,8.0,3.0,3.0,7.0,7.0,6.0,5.0,2.0,16.0,5.0,3.0,13.0,12.0,1890.0,1795.3595443314503
15.0,12.0,10.0,1.0,4.0,2.0,4.0,3.0,1.0,10.0,0.0,3.0,4.0,10.0,3.0,6.0,5.0,0.0,-1.0,0.0,4.0,2.0,6.0,630.0,1238.4788885990404
15.0,12.0,3.0,6.0,4.0,3.0,4.0,3.0,7.0,2.0,8.0,7.0,3.0,4.0,7.0,6.0,1.0,4.0,0.0,0.0,2.0,0.0,2.0,902.147043329615,1256.1344834653103
15.0,19.0,5.0,0.0,7.0,4.0,4.0,5.0,-1.0,4.0,0.0,5.0,8.0,6.0,3.0,9.0,-1.0,0.0,5.0,6.0,6.0,7.0,5.0,1286.9608499652713,1772.8306930590597
22.0,20.0,1.0,15.0,9.0,2.0,6.0,7.0,13.0,7.0,7.0,1.0,1.0,14.0,5.0,1.0,11.0,3.0,4.0,3.0,6.0,12.0,10.0,1691.4867097452745,1875.0
15.0,12.0,5.0,0.0,5.0,1.0,0.0,6.0,4.0,0.0,2.0,5.0,0.0,6.0,8.0,2.0,2.0,5.0,2.0,-1.0,0.0,1.0,3.0,746.2216685932947,1147.3248060188748
16.0,16.0,7.0,8.0,-1.0,3.0,1.0,-1.0,0.0,-1.0,2.0,-1.0,0.0,3.0,1.0,0.0,-1.0,4.0,4.0,1.0,2.0,7.0,0.0,1647.2971376100595,1120.465763254853
15.0,16.0,6.0,0.0,8.0,-1.0,8.0,4.0,4.0,8.0,3.0,3.0,8.0,0.0,5.0,0.0,-1.0,1.0,1.0,0.0,0.0,0.0,0.0,1680.9379371696978,1218.7836623517842
15.0,13.0,8.0,4.0,3.0,12.0,5.0,14.0,14.0,8.0,13.0,15.0,9.0,20.0,8.0,7.0,8.0,7.0,6.0,7.0,13.0,12.0,6.0,661.3139546011431,1875.0
23.0,17.0,2.0,5.0,19.0,14.0,12.0,4.0,12.0,6.0,11.0,10.0,4.0,8.0,2.0,11.0,12.0,2.0,3.0,10.0,2.0,7.0,13.0,1886.6824578431163,1697.1369332259749
23.0,20.0,4.0,8.0,13.0,0.0,8.0,9.0,7.0,11.0,6.0,6.0,5.0,4.0,3.0,4.0,14.0,2.0,5.0,12.0,7.0,11.0,11.0,1890.0,1454.397982960735
23.0,17.0,1.0,12.0,13.0,6.0,8.0,5.0,19.0,13.0,6.0,4.0,0.0,3.0,17.0,13.0,17.0,5.0,9.0,12.0,6.0,10.0,1.0,1557.843332599115,1798.5082055214334
15.0,19.0,-1.0,2.0,-1.0,1.0,5.0,3.0,-1.0,5.0,-1.0,3.0,3.0,0.0,3.0,0.0,9.0,1.0,0.0,9.0,10.0,0.0,9.0,1890.0,625.0
15.0,12.0,6.0,2.0,0.0,3.0,4.0,3.0,0.0,6.0,-1.0,3.0,6.0,2.0,2.0,5.0,2.0,0.0,1.0,1.0,0.0,6.0,6.0,745.3366415840254,1791.2278011962194
15.0,15.0,9.0,7.0,20.0,1.0,11.0,13.0,6.0,19.0,20.0,7.0,2.0,12.0,19.0,8.0,11.0,7.0,5.0,4.0,15.0,4.0,8.0,630.0,1859.0801667926885
15.0,12.0,0.0,2.0,4.0,0.0,2.0,-1.0,7.0,0.0,3.0,2.0,7.0,4.0,7.0,6.0,6.0,6.0,4.0,7.0,0.0,5.0,-1.0,630.0,1195.0187937832172
15.0,21.0,4.0,-1.0,8.0,4.0,4.0,5.0,0.0,5.0,3.0,2.0,9.0,6.0,6.0,4.0,1.0,0.0,6.0,5.0,5.0,4.0,3.0,1466.8088194791803,1875.0
15.0,15.0,7.0,7.0,3.0,0.0,5.0,7.0,2.0,9.0,0.0,1.0,0.0,0.0,6.0,0.0,3.0,1.0,2.0,4.0,4.0,-1.0,0.0,1037.1913795636551,1551.293708492856
15.0,19.0,20.0,2.0,4.0,14.0,2.0,9.0,19.0,8.0,11.0,13.0,15.0,12.0,6.0,12.0,10.0,13.0,0.0,2.0,10.0,10.0,9.0,630.0,1511.8363851448967
15.0,15.0,3.0,2.0,1.0,0.0,2.0,2.0,5.0,3.0,10.0,2.0,1.0,1.0,0.0,0.0,-1.0,0.0,1.0,0.0,2.0,0.0,0.0,1726.90655076047,1217.7819362225312
23.0,21.0,6.0,9.0,6.0,6.0,13.0,5.0,10.0,10.0,16.0,7.0,7.0,8.0,4.0,8.0,9.0,0.0,13.0,3.0,10.0,2.0,8.0,1890.0,1170.3905456546886
15.0,12.0,0.0,1.0,0.0,9.0,1.0,3.0,1.0,0.0,9.0,3.0,1.0,3.0,3.0,2.0,1.0,2.0,-1.0,0.0,0.0,0.0,0.0,1528.1304465138435,947.8070611757099
15.0,17.0,5.0,5.0,-1.0,5.0,5.0,1.0,9.0,9.0,11.0,0.0,2.0,6.0,2.0,8.0,3.0,11.0,0.0,20.0,8.0,4.0,8.0,649.6751903851087,1854.0608005717884
15.0,21.0,0.0,2.0,0.0,3.0,4.0,6.0,1.0,10.0,3.0,5.0,4.0,5.0,2.0,8.0,8.0,0.0,8.0,-1.0,7.0,4.0,8.0,1445.6814949623406,1795.3720058975741
15.0,15.0,0.0,3.0,0.0,6.0,2.0,6.0,3.0,0.0,2.0,5.0,4.0,4.0,2.0,1.0,7.0,3.0,5.0,5.0,0.0,1.0,5.0,1286.688544600322,1299.4162479031463
15.0,13.0,0.0,2.0,0.0,1.0,1.0,0.0,1.0,7.0,0.0,-1.0,0.0,0.0,1.0,0.0,2.0,0.0,7.0,1.0,3.0,10.0,0.0,1269.832112228522,1640.421981824494
17.0,19.0,3.0,3.0,5.0,1.0,1.0,4.0,6.0,0.0,1.0,3.0,4.0,3.0,5.0,4.0,0.0,3.0,9.0,0.0,4.0,2.0,3.0,1042.1122185782465,1792.4987243356838
15.0,12.0,0.0,4.0,0.0,4.0,0.0,9.0,0.0,9.0,0.0,1.0,0.0,0.0,0.0,0.0,3.0,8.0,0.0,1.0,1.0,0.0,-1.0,1474.3601532550376,1394.5441948841246
15.0,12.0,-1.0,-1.0,-1.0,1.0,5.0,0.0,1.0,1.0,3.0,5.0,2.0,2.0,6.0,4.0,6.0,0.0,2.0,2.0,1.0,6.0,6.0,1035.8994076597276,1831.6245156656078
22.0,17.0,0.0,10.0,11.0,16.0,12.0,8.0,9.0,5.0,8.0,5.0,2.0,3.0,8.0,13.0,14.0,6.0,9.0,12.0,2.0,4.0,1.0,1890.0,1875.0
15.0,12.0,5.0,2.0,5.0,2.0,1.0,3.0,4.0,5.0,7.0,6.0,-1.0,2.0,2.0,4.0,8.0,3.0,-1.0,7.0,7.0,6.0,1.0,788.1191148286129,1344.232160679329
15.0,12.0,1.0,2.0,3.0,1.0,4.0,2.0,4.0,4.0,0.0,1.0,7.0,7.0,7.0,0.0,0.0,0.0,1.0,2.0,0.0,1.0,7.0,1556.4186703834546,1493.5849070078812
15.0,15.0,-1.0,0.0,5.0,3.0,1.0,3.0,0.0,3.0,4.0,7.0,0.0,3.0,5.0,4.0,7.0,0.0,5.0,8.0,0.0,3.0,7.0,1341.6543689750551,1874.8458753853652
15.0,19.0,0.0,1.0,9.0,5.0,8.0,3.0,5.0,5.0,1.0,5.0,2.0,7.0,0.0,7.0,1.0,3.0,7.0,2.0,3.0,5.0,2.0,1059.0710708953538,1758.800008515771
15.0,14.0,2.0,2.0,1.0,2.0,1.0,2.0,1.0,-1.0,5.0,3.0,-1.0,2.0,3.0,1.0,2.0,0.0,0.0,3.0,0.0,-1.0,0.0,1156.0475229256324,1448.2729885330787
15.0,12.0,0.0,0.0,2.0,0.0,3.0,5.0,4.0,2.0,10.0,0.0,2.0,5.0,1.0,6.0,7.0,7.0,5.0,5.0,1.0,0.0,6.0,1091.9421414207739,1005.3412131321481
15.0,17.0,8.0,0.0,5.0,0.0,4.0,7.0,1.0,-1.0,-1.0,0.0,7.0,9.0,6.0,7.0,3.0,2.0,4.0,6.0,5.0,6.0,5.0,1485.855910027421,1875.0
15.0,12.0,5.0,3.0,7.0,4.0,-1.0,-1.0,6.0,0.0,5.0,3.0,7.0,3.0,3.0,7.0,4.0,7.0,1.0,3.0,5.0,5.0,3.0,754.445231184651,1088.4098930285088
15.0,19.0,2.0,2.0,4.0,2.0,6.0,5.0,6.0,6.0,9.0,5.0,0.0,2.0,5.0,8.0,7.0,1.0,3.0,2.0,2.0,3.0,7.0,1064.0164208161286,1766.1992967647693
15.0,15.0,12.0,19.0,13.0,16.0,0.0,17.0,11.0,11.0,18.0,14.0,2.0,20.0,10.0,5.0,15.0,3.0,1.0,6.0,17.0,7.0,11.0,783.7084614583158,1786.6825483957791
23.0,17.0,-1.0,7.0,12.0,12.0,11.0,5.0,19.0,7.0,10.0,6.0,1.0,3.0,12.0,14.0,20.0,5.0,5.0,13.0,4.0,2.0,1.0,1859.7873967141356,1858.3439544945854
15.0,17.0,2.0,0.0,8.0,6.0,6.0,5.0,7.0,1.0,1.0,4.0,4.0,0.0,3.0,0.0,5.0,3.0,4.0,4.0,4.0,2.0,1.0,1035.579139561046,1795.42630424057
15.0,12.0,0.0,0.0,0.0,1.0,3.0,7.0,1.0,0.0,1.0,3.0,0.0,4.0,7.0,0.0,-1.0,0.0,0.0,0.0,-1.0,1.0,4.0,1580.6402301478238,703.4962443569482
24.0,21.0,1.0,14.0,10.0,11.0,6.0,6.0,10.0,6.0,1.0,3.0,5.0,9.0,5.0,2.0,2.0,3.0,1.0,5.0,5.0,12.0,13.0,1663.2678564629791,1563.6379385099149
15.0,12.0,1.0,7.0,4.0,0.0,1.0,0.0,0.0,1.0,7.0,0.0,1.0,2.0,5.0,2.0,5.0,2.0,0.0,2.0,7.0,0.0,1.0,1071.8768872022204,1013.1199392381674
15.0,12.0,2.0,5.0,0.0,1.0,4.0,0.0,1.0,5.0,1.0,5.0,3.0,2.0,9.0,2.0,9.0,9.0,4.0,0.0,0.0,6.0,4.0,843.227862163589,1049.836285797386
16.0,12.0,0.0,3.0,0.0,3.0,0.0,8.0,2.0,3.0,4.0,3.0,0.0,5.0,4.0,3.0,-1.0,8.0,8.0,0.0,0.0,4.0,6.0,1415.2181973732886,629.1703010433804
15.0,14.0,4.0,2.0,0.0,3.0,5.0,3.0,0.0,8.0,4.0,0.0,7.0,1.0,2.0,1.0,4.0,5.0,0.0,7.0,0.0,9.0,1.0,1063.342443689468,1875.0
15.0,12.0,2.0,1.0,1.0,4.0,1.0,6.0,0.0,0.0,0.0,3.0,4.0,2.0,10.0,3.0,3.0,2.0,0.0,0.0,1.0,2.0,3.0,1391.926065301672,816.1516072374459
24.0,21.0,8.0,1.0,11.0,4.0,7.0,0.0,3.0,9.0,0.0,13.0,5.0,6.0,6.0,13.0,6.0,8.0,10.0,5.0,4.0,5.0,1.0,1683.6226160361032,851.5738464124428
15.0,12.0,-1.0,1.0,1.0,-1.0,3.0,0.0,2.0,8.0,0.0,0.0,1.0,0.0,-1.0,-1.0,3.0,0.0,5.0,1.0,4.0,8.0,-1.0,1529.0831071685911,1489.598866449722
16.0,16.0,3.0,5.0,4.0,0.0,0.0,0.0,5.0,6.0,4.0,5.0,0.0,4.0,0.0,3.0,4.0,0.0,5.0,1.0,0.0,2.0,4.0,1334.8559419369092,1170.123546131703
23.0,21.0,0.0,2.0,5.0,3.0,8.0,9.0,9.0,2.0,8.0,6.0,4.0,6.0,12.0,13.0,3.0,4.0,10.0,7.0,3.0,12.0,11.0,1347.6187313619098,1796.1594939154447
15.0,19.0,12.0,1.0,5.0,8.0,8.0,6.0,13.0,15.0,17.0,17.0,2.0,16.0,11.0,20.0,11.0,3.0,7.0,10.0,4.0,14.0,4.0,630.0,1875.0
15.0,12.0,0.0,2.0,3.0,1.0,1.0,3.0,5.0,0.0,6.0,3.0,0.0,6.0,5.0,8.0,3.0,3.0,0.0,0.0,4.0,0.0,2.0,1343.2189087380941,630.1034328920607
15.0,15.0,8.0,0.0,9.0,-1.0,3.0,1.0,0.0,2.0,0.0,-1.0,5.0,0.0,0.0,0.0,0.0,2.0,1.0,0.0,2.0,1.0,1.0,1669.4514952693041,1306.6950698028472
15.0,15.0,-1.0,6.0,4.0,6.0,6.0,4.0,8.0,2.0,1.0,0.0,4.0,1.0,2.0,2.0,0.0,2.0,10.0,2.0,1.0,2.0,4.0,1102.1559855928347,1375.811014495725
15.0,12.0,0.0,6.0,4.0,5.0,2.0,2.0,3.0,6.0,3.0,3.0,5.0,4.0,1.0,2.0,6.0,0.0,5.0,0.0,0.0,7.0,3.0,630.0,1144.454772690085
15.0,12.0,2.0,0.0,0.0,9.0,4.0,6.0,0.0,4.0,0.0,4.0,1.0,-1.0,-1.0,0.0,9.0,0.0,2.0,0.0,-1.0,-1.0,6.0,1462.9203429645293,1375.3588819238425
15.0,21.0,8.0,5.0,0.0,16.0,7.0,4.0,-1.0,8.0,2.0,7.0,1.0,0.0,3.0,4.0,8.0,4.0,6.0,7.0,8.0,4.0,8.0,1877.9329253375486,1122.753649990602
15.0,21.0,3.0,6.0,5.0,5.0,10.0,0.0,0.0,3.0,2.0,7.0,5.0,1.0,5.0,-1.0,2.0,0.0,0.0,12.0,5.0,0.0,6.0,1593.654284400171,728.7040379954157
15.0,12.0,4.0,3.0,0.0,6.0,5.0,-1.0,0.0,7.0,4.0,6.0,5.0,7.0,6.0,0.0,0.0,6.0,7.0,9.0,4.0,-1.0,6.0,1284.860206962106,833.2647660762678
15.0,15.0,4.0,5.0,9.0,0.0,2.0,5.0,5.0,5.0,2.0,3.0,0.0,7.0,4.0,0.0,6.0,6.0,1.0,2.0,8.0,1.0,6.0,983.8162451604018,1861.9520817636717
24.0,21.0,7.0,0.0,10.0,1.0,1.0,0.0,11.0,2.0,6.0,11.0,2.0,4.0,8.0,4.0,13.0,9.0,12.0,4.0,4.0,5.0,5.0,1324.3960809493292,1000.7693845618464
23.0,21.0,0.0,6.0,3.0,2.0,7.0,11.0,8.0,0.0,14.0,5.0,-1.0,7.0,7.0,11.0,2.0,2.0,8.0,7.0,2.0,17.0,17.0,1375.927659575327,1391.213813549287
15.0,20.0,0.0,3.0,5.0,6.0,3.0,6.0,5.0,7.0,10.0,5.0,4.0,3.0,0.0,2.0,3.0,0.0,8.0,0.0,6.0,6.0,3.0,1359.2857126889696,1393.0429463251282
15.0,16.0,7.0,-1.0,0.0,3.0,2.0,4.0,2.0,2.0,4.0,0.0,0.0,4.0,0.0,6.0,-1.0,4.0,6.0,2.0,4.0,2.0,5.0,1252.950655038747,1549.8712569567451
15.0,12.0,4.0,0.0,-1.0,2.0,0.0,0.0,4.0,0.0,0.0,2.0,2.0,4.0,2.0,1.0,8.0,0.0,3.0,5.0,6.0,2.0,-1.0,855.5989952091908,1101.1810281949495
15.0,12.0,0.0,7.0,3.0,5.0,2.0,2.0,6.0,2.0,0.0,2.0,0.0,4.0,5.0,2.0,4.0,2.0,5.0,1.0,1.0,7.0,2.0,778.8070242843041,1128.529853853038
21.0,19.0,5.0,6.0,10.0,5.0,6.0,8.0,12.0,1.0,13.0,12.0,3.0,12.0,3.0,1.0,11.0,9.0,9.0,3.0,1.0,5.0,2.0,1009.5328504591414,1607.8935387397955
15.0,21.0,2.0,2.0,6.0,4.0,5.0,2.0,8.0,1.0,9.0,0.0,4.0,-1.0,2.0,5.0,6.0,1.0,3.0,3.0,3.0,5.0,3.0,1793.1234926059851,1203.8079222320432
15.0,19.0,1.0,0.0,12.0,0.0,5.0,7.0,4.0,3.0,3.0,7.0,8.0,4.0,0.0,2.0,5.0,0.0,5.0,2.0,9.0,6.0,4.0,1064.4596426081218,1866.5157429927272
15.0,20.0,0.0,3.0,5.0,3.0,3.0,4.0,0.0,4.0,1.0,5.0,5.0,4.0,5.0,15.0,1.0,6.0,4.0,5.0,4.0,3.0,2.0,1708.9505869190177,1216.7293024903372
24.0,21.0,7.0,10.0,9.0,0.0,4.0,7.0,11.0,13.0,4.0,4.0,10.0,12.0,8.0,3.0,12.0,5.0,17.0,6.0,2.0,5.0,2.0,1724.2065663270819,1632.6875943521125
15.0,20.0,5.0,3.0,3.0,4.0,9.0,3.0,5.0,-1.0,-1.0,0.0,2.0,4.0,2.0,-1.0,9.0,2.0,5.0,0.0,6.0,0.0,1.0,1636.5816743797711,1159.7623771368735
23.0,20.0,8.0,7.0,10.0,2.0,4.0,13.0,11.0,12.0,2.0,4.0,6.0,5.0,16.0,16.0,2.0,4.0,13.0,2.0,0.0,13.0,4.0,1890.0,1722.2436020562243
24.0,21.0,1.0,10.0,13.0,10.0,7.0,10.0,6.0,9.0,4.0,3.0,0.0,12.0,2.0,9.0,4.0,4.0,2.0,9.0,7.0,10.0,11.0,1890.0,1776.3600291922212
15.0,12.0,7.0,4.0,8.0,1.0,2.0,7.0,0.0,2.0,0.0,8.0,2.0,8.0,4.0,7.0,4.0,0.0,7.0,-1.0,4.0,0.0,1.0,1319.892843474672,657.3159343999811
15.0,16.0,8.0,3.0,0.0,4.0,9.0,4.0,2.0,2.0,4.0,1.0,0.0,9.0,0.0,3.0,2.0,7.0,9.0,1.0,1.0,3.0,9.0,1399.336737194323,1875.0
15.0,21.0,6.0,5.0,5.0,4.0,7.0,5.0,0.0,5.0,4.0,6.0,8.0,0.0,1.0,7.0,3.0,-1.0,4.0,3.0,5.0,6.0,6.0,1841.8584428168836,1018.6440947279285
15.0,21.0,-1.0,2.0,4.0,0.0,3.0,4.0,1.0,6.0,3.0,16.0,7.0,5.0,2.0,3.0,4.0,0.0,6.0,1.0,7.0,0.0,6.0,1234.3002492940702,1875.0
23.0,21.0,-1.0,12.0,6.0,10.0,8.0,12.0,12.0,7.0,7.0,5.0,3.0,11.0,8.0,7.0,2.0,3.0,7.0,4.0,5.0,13.0,14.0,1383.1508384504748,1822.2121926982165
22.0,21.0,0.0,13.0,14.0,11.0,4.0,13.0,14.0,7.0,2.0,3.0,2.0,13.0,6.0,10.0,0.0,3.0,0.0,2.0,5.0,12.0,11.0,1602.7110675533427,1771.4521512899616
15.0,18.0,7.0,6.0,8.0,4.0,2.0,5.0,0.0,5.0,2.0,6.0,2.0,5.0,2.0,8.0,-1.0,2.0,4.0,5.0,9.0,7.0,10.0,1317.3053374906663,1697.049868254712
15.0,18.0,0.0,0.0,6.0,9.0,8.0,2.0,0.0,0.0,-1.0,3.0,7.0,3.0,3.0,2.0,0.0,6.0,4.0,2.0,4.0,2.0,2.0,1123.2733600829433,1646.3419868285953
15.0,15.0,3.0,1.0,4.0,0.0,4.0,8.0,2.0,2.0,8.0,2.0,1.0,0.0,2.0,0.0,2.0,-1.0,0.0,0.0,4.0,4.0,0.0,1792.475320058499,1301.1067647178108
15.0,19.0,20.0,3.0,12.0,10.0,6.0,5.0,19.0,7.0,20.0,17.0,5.0,9.0,10.0,17.0,0.0,6.0,0.0,5.0,13.0,8.0,0.0,630.0,1783.8918070040252
15.0,15.0,3.0,4.0,0.0,0.0,6.0,0.0,0.0,0.0,5.0,0.0,8.0,3.0,0.0,5.0,1.0,6.0,8.0,-1.0,5.0,0.0,1.0,1225.3753778370644,1567.4426618259604
15.0,12.0,1.0,0.0,0.0,0.0,2.0,5.0,0.0,2.0,4.0,3.0,2.0,2.0,6.0,8.0,0.0,8.0,2.0,4.0,6.0,2.0,1.0,1020.8177765487412,909.4592007842318
15.0,21.0,10.0,3.0,4.0,3.0,5.0,1.0,5.0,0.0,6.0,1.0,2.0,4.0,1.0,0.0,5.0,3.0,0.0,4.0,4.0,2.0,3.0,1890.0,1342.1376855555895
15.0,12.0,6.0,4.0,0.0,2.0,0.0,1.0,6.0,1.0,5.0,4.0,0.0,4.0,6.0,6.0,6.0,2.0,3.0,0.0,1.0,8.0,-1.0,1110.4882680697867,930.206835585265
15.0,15.0,7.0,0.0,2.0,7.0,2.0,2.0,-1.0,3.0,2.0,9.0,0.0,2.0,9.0,1.0,3.0,3.0,3.0,0.0,5.0,5.0,3.0,928.5160782609781,1771.132723477377
15.0,15.0,0.0,3.0,-1.0,4.0,8.0,0.0,0.0,0.0,7.0,0.0,11.0,9.0,0.0,2.0,0.0,7.0,4.0,0.0,1.0,0.0,4.0,1108.8993868904925,1767.1940757778939
15.0,12.0,0.0,0.0,9.0,0.0,2.0,0.0,1.0,7.0,0.0,3.0,2.0,0.0,0.0,1.0,3.0,3.0,1.0,9.0,2.0,8.0,-1.0,1260.7117675863237,1593.5467944518139
15.0,12.0,2.0,5.0,0.0,1.0,0.0,3.0,3.0,0.0,7.0,3.0,0.0,2.0,2.0,1.0,1.0,7.0,2.0,4.0,0.0,-1.0,0.0,1141.712726456393,1378.329515870772
15.0,13.0,2.0,4.0,0.0,-1.0,0.0,1.0,0.0,0.0,2.0,-1.0,1.0,0.0,0.0,-1.0,5.0,1.0,7.0,3.0,3.0,3.0,0.0,1495.0532804391692,1182.2266105599144
15.0,20.0,0.0,7.0,5.0,3.0,3.0,6.0,0.0,5.0,5.0,8.0,8.0,5.0,6.0,2.0,4.0,0.0,5.0,2.0,7.0,1.0,3.0,1298.3369008880784,1853.6419379234346
15.0,15.0,4.0,12.0,18.0,6.0,10.0,13.0,4.0,12.0,19.0,9.0,0.0,11.0,20.0,9.0,8.0,9.0,10.0,5.0,20.0,10.0,5.0,630.0,1833.6692349382865
15.0,17.0,1.0,6.0,8.0,11.0,3.0,3.0,3.0,3.0,2.0,2.0,2.0,7.0,-1.0,10.0,6.0,3.0,0.0,7.0,3.0,-1.0,4.0,630.0,1875.0
15.0,20.0,0.0,7.0,4.0,5.0,2.0,0.0,5.0,5.0,2.0,5.0,4.0,7.0,4.0,6.0,4.0,5.0,1.0,10.0,12.0,0.0,7.0,1774.6795440242086,625.0
15.0,19.0,7.0,8.0,6.0,8.0,7.0,1.0,4.0,3.0,6.0,1.0,4.0,0.0,7.0,2.0,8.0,6.0,1.0,5.0,12.0,0.0,8.0,1500.1853751085657,1297.7621592332919
15.0,21.0,3.0,1.0,4.0,2.0,6.0,4.0,0.0,6.0,3.0,0.0,0.0,-1.0,3.0,1.0,5.0,0.0,4.0,2.0,2.0,3.0,6.0,1144.0893931687813,1760.1856490730615
15.0,21.0,0.0,5.0,5.0,2.0,3.0,8.0,4.0,9.0,5.0,7.0,3.0,2.0,7.0,1.0,4.0,1.0,4.0,0.0,6.0,3.0,1.0,1401.6767928144616,1854.1661081465065
15.0,19.0,8.0,1.0,7.0,11.0,17.0,5.0,6.0,4.0,20.0,5.0,6.0,10.0,7.0,12.0,6.0,12.0,1.0,5.0,12.0,10.0,8.0,756.3516983613998,1860.3357818782183
16.0,12.0,3.0,0.0,1.0,0.0,0.0,0.0,-1.0,5.0,0.0,0.0,0.0,2.0,2.0,3.0,3.0,0.0,3.0,0.0,4.0,5.0,0.0,1009.4425522535815,1284.3818599906451
15.0,21.0,2.0,4.0,3.0,3.0,10.0,5.0,2.0,6.0,4.0,5.0,1.0,6.0,8.0,6.0,7.0,0.0,7.0,2.0,5.0,2.0,0.0,1375.6089623568776,1839.166376498439
15.0,14.0,0.0,0.0,2.0,0.0,2.0,-1.0,0.0,0.0,3.0,5.0,3.0,-1.0,5.0,8.0,0.0,0.0,5.0,6.0,6.0,3.0,3.0,1598.3369386523723,1105.2570981078786
15.0,21.0,-1.0,1.0,5.0,2.0,8.0,5.0,3.0,7.0,2.0,6.0,5.0,4.0,4.0,5.0,5.0,-1.0,8.0,0.0,5.0,8.0,4.0,1304.9580760971141,1772.6817162069424
24.0,20.0,5.0,13.0,13.0,4.0,6.0,12.0,7.0,8.0,5.0,-1.0,-1.0,10.0,6.0,4.0,9.0,2.0,5.0,1.0,4.0,16.0,7.0,1780.0231691245588,1570.3405477791284
15.0,16.0,3.0,4.0,1.0,4.0,0.0,4.0,5.0,2.0,2.0,6.0,5.0,6.0,0.0,0.0,6.0,0.0,4.0,3.0,5.0,1.0,1.0,1247.5113371667921,1629.1403150266276
15.0,13.0,4.0,6.0,2.0,0.0,0.0,0.0,2.0,4.0,0.0,0.0,0.0,0.0,2.0,1.0,2.0,-1.0,2.0,0.0,0.0,6.0,6.0,1093.41017763693,1436.2317087984031
15.0,15.0,5.0,2.0,2.0,0.0,4.0,0.0,2.0,0.0,0.0,5.0,6.0,5.0,5.0,5.0,8.0,1.0,1.0,5.0,4.0,1.0,2.0,1266.5906586274948,1365.2276605324942
15.0,17.0,0.0,5.0,7.0,6.0,0.0,7.0,4.0,7.0,10.0,3.0,8.0,3.0,2.0,10.0,5.0,0.0,20.0,0.0,9.0,2.0,6.0,1000.4688906797371,1722.779250775337
15.0,12.0,4.0,3.0,4.0,0.0,0.0,2.0,7.0,-1.0,0.0,6.0,4.0,7.0,1.0,4.0,3.0,2.0,0.0,2.0,6.0,4.0,0.0,1170.10126300762,989.7491866345993
15.0,20.0,4.0,4.0,5.0,7.0,9.0,4.0,0.0,2.0,6.0,9.0,8.0,1.0,0.0,2.0,3.0,3.0,0.0,2.0,0.0,5.0,3.0,1777.8059700962517,915.4717787729907
15.0,12.0,3.0,0.0,5.0,0.0,6.0,0.0,7.0,0.0,3.0,3.0,-1.0,1.0,5.0,0.0,1.0,2.0,2.0,7.0,2.0,2.0,3.0,1445.5239531649004,905.16454043977
15.0,12.0,0.0,6.0,1.0,2.0,2.0,8.0,5.0,5.0,2.0,3.0,1.0,4.0,3.0,2.0,3.0,5.0,3.0,0.0,2.0,4.0,1.0,630.0,1123.6714169583802
15.0,15.0,5.0,2.0,4.0,2.0,1.0,0.0,5.0,0.0,0.0,4.0,4.0,3.0,1.0,2.0,3.0,3.0,3.0,0.0,2.0,0.0,0.0,1027.6307722510571,1597.2609086845769
15.0,12.0,1.0,1.0,1.0,-1.0,4.0,2.0,2.0,5.0,0.0,-1.0,0.0,1.0,5.0,2.0,5.0,8.0,-1.0,5.0,3.0,-1.0,2.0,1373.061887782918,694.5240514563875
15.0,12.0,2.0,9.0,1.0,0.0,0.0,2.0,-1.0,0.0,0.0,3.0,6.0,4.0,3.0,1.0,3.0,0.0,-1.0,1.0,0.0,0.0,3.0,1201.5758635663522,1319.7318997516325
16.0,19.0,2.0,6.0,5.0,1.0,1.0,5.0,5.0,4.0,2.0,3.0,11.0,5.0,2.0,3.0,2.0,8.0,5.0,3.0,6.0,2.0,6.0,1533.291001368466,1846.1513542520065
16.0,17.0,7.0,-1.0,2.0,3.0,0.0,5.0,1.0,2.0,-1.0,-1.0,2.0,1.0,6.0,3.0,5.0,0.0,6.0,1.0,5.0,0.0,9.0,1020.5101770065835,1190.5513503399593
15.0,19.0,17.0,5.0,5.0,12.0,4.0,8.0,15.0,6.0,18.0,9.0,7.0,12.0,6.0,20.0,13.0,11.0,0.0,1.0,13.0,14.0,11.0,630.0,1875.0
15.0,12.0,4.0,3.0,3.0,2.0,-1.0,5.0,0.0,5.0,0.0,2.0,2.0,0.0,5.0,7.0,3.0,0.0,2.0,3.0,5.0,0.0,0.0,1147.856993984595,1405.0684831375595
15.0,18.0,1.0,4.0,3.0,3.0,0.0,3.0,5.0,-1.0,0.0,3.0,1.0,6.0,4.0,3.0,0.0,2.0,10.0,1.0,6.0,2.0,2.0,1084.3108032128978,1439.5944203476845
15.0,12.0,4.0,0.0,4.0,0.0,-1.0,1.0,1.0,3.0,0.0,0.0,0.0,0.0,0.0,0.0,3.0,0.0,1.0,1.0,0.0,3.0,-1.0,1199.1125742645893,1362.2237190849605
24.0,21.0,13.0,7.0,16.0,5.0,7.0,3.0,10.0,1.0,5.0,11.0,-1.0,7.0,4.0,4.0,9.0,6.0,12.0,18.0,6.0,15.0,12.0,1400.6386449803947,1743.7621323693866
15.0,12.0,0.0,3.0,0.0,6.0,4.0,0.0,0.0,5.0,3.0,2.0,3.0,6.0,9.0,5.0,7.0,6.0,3.0,0.0,0.0,6.0,4.0,969.5663587258159,1012.7031617184681
15.0,16.0,5.0,1.0,2.0,2.0,2.0,0.0,0.0,9.0,0.0,3.0,0.0,5.0,0.0,5.0,5.0,10.0,3.0,7.0,2.0,9.0,3.0,1890.0,625.0
15.0,13.0,2.0,8.0,6.0,0.0,1.0,2.0,0.0,2.0,0.0,4.0,0.0,0.0,2.0,4.0,7.0,0.0,4.0,0.0,0.0,6.0,0.0,1194.5949396357246,1835.4316734936367
22.0,17.0,0.0,4.0,9.0,11.0,15.0,5.0,6.0,4.0,8.0,5.0,3.0,3.0,12.0,12.0,20.0,7.0,4.0,13.0,7.0,2.0,5.0,1741.8336951781248,1731.8678184331375
15.0,12.0,0.0,1.0,1.0,0.0,1.0,7.0,0.0,0.0,2.0,8.0,0.0,1.0,10.0,3.0,-1.0,1.0,0.0,2.0,0.0,2.0,-1.0,1595.6359194588,667.6129060156019
15.0,20.0,0.0,3.0,0.0,6.0,4.0,1.0,-1.0,6.0,1.0,5.0,5.0,1.0,5.0,5.0,6.0,0.0,1.0,13.0,9.0,0.0,9.0,1821.8810275206783,725.6292291975196
23.0,21.0,5.0,9.0,9.0,-1.0,4.0,8.0,10.0,13.0,6.0,9.0,3.0,13.0,10.0,5.0,10.0,4.0,17.0,0.0,3.0,4.0,5.0,1674.868017594067,1875.0
15.0,17.0,0.0,0.0,6.0,4.0,8.0,3.0,0.0,4.0,0.0,8.0,7.0,2.0,1.0,5.0,4.0,0.0,1.0,1.0,6.0,1.0,5.0,910.7104590875767,1536.8850917665009
15.0,12.0,6.0,0.0,2.0,3.0,0.0,3.0,2.0,6.0,4.0,5.0,0.0,5.0,3.0,4.0,7.0,3.0,0.0,2.0,6.0,4.0,2.0,630.0,1424.002360013807
24.0,20.0,7.0,7.0,4.0,2.0,1.0,-1.0,13.0,3.0,2.0,8.0,3.0,6.0,11.0,10.0,8.0,8.0,8.0,4.0,2.0,11.0,-1.0,1872.8936061963518,625.0
15.0,19.0,1.0,1.0,8.0,2.0,6.0,5.0,7.0,8.0,11.0,5.0,0.0,0.0,7.0,9.0,6.0,0.0,2.0,1.0,4.0,2.0,2.0,714.6658336824667,1675.063952035139
16.0,12.0,1.0,7.0,7.0,0.0,5.0,1.0,2.0,-1.0,0.0,5.0,2.0,-1.0,5.0,7.0,8.0,2.0,2.0,0.0,0.0,5.0,0.0,1149.9023632490569,1749.982548702881
15.0,13.0,0.0,1.0,0.0,0.0,3.0,1.0,4.0,2.0,8.0,0.0,1.0,3.0,0.0,3.0,0.0,3.0,1.0,0.0,7.0,3.0,0.0,1668.362058718962,878.3471618823893
15.0,15.0,3.0,6.0,3.0,0.0,-1.0,1.0,8.0,5.0,0.0,5.0,0.0,2.0,3.0,2.0,0.0,-1.0,1.0,2.0,1.0,1.0,2.0,1316.2729305543135,1548.6674403974027
22.0,17.0,5.0,17.0,9.0,0.0,9.0,11.0,12.0,19.0,8.0,6.0,0.0,3.0,4.0,10.0,11.0,4.0,9.0,4.0,-1.0,13.0,11.0,1886.985561304594,1639.9098836051323
15.0,15.0,4.0,19.0,9.0,12.0,6.0,13.0,11.0,13.0,19.0,12.0,2.0,11.0,18.0,3.0,13.0,5.0,1.0,5.0,20.0,8.0,4.0,630.0,1868.137737085685
15.0,12.0,3.0,2.0,8.0,4.0,3.0,1.0,5.0,3.0,6.0,4.0,5.0,3.0,4.0,6.0,2.0,5.0,4.0,3.0,3.0,4.0,4.0,855.0231743171582,1093.1153966160089
15.0,18.0,7.0,0.0,2.0,7.0,6.0,5.0,0.0,0.0,4.0,4.0,2.0,6.0,4.0,5.0,6.0,2.0,4.0,7.0,0.0,4.0,5.0,1020.4358460670587,1816.842580434936
15.0,15.0,3.0,-1.0,2.0,4.0,1.0,1.0,5.0,5.0,5.0,6.0,3.0,1.0,3.0,0.0,0.0,3.0,2.0,0.0,1.0,7.0,0.0,1135.450314843092,1302.5843858920618
15.0,12.0,4.0,0.0,3.0,0.0,0.0,1.0,5.0,6.0,2.0,2.0,6.0,3.0,1.0,3.0,7.0,1.0,2.0,5.0,7.0,3.0,3.0,630.0,1773.115291274849
15.0,12.0,4.0,0.0,0.0,2.0,5.0,0.0,1.0,2.0,2.0,11.0,3.0,0.0,0.0,0.0,1.0,0.0,0.0,2.0,5.0,0.0,1.0,1096.2137831912794,625.0
15.0,14.0,0.0,5.0,0.0,7.0,0.0,3.0,4.0,0.0,2.0,4.0,3.0,2.0,2.0,0.0,9.0,5.0,6.0,5.0,0.0,2.0,4.0,1374.7169242619239,1301.205114282559
15.0,14.0,0.0,7.0,7.0,1.0,4.0,7.0,10.0,8.0,4.0,8.0,4.0,1.0,0.0,1.0,5.0,4.0,3.0,7.0,5.0,3.0,4.0,1057.9812773677065,1851.524604728146
15.0,12.0,1.0,3.0,9.0,0.0,4.0,2.0,0.0,3.0,0.0,3.0,0.0,0.0,4.0,2.0,4.0,1.0,2.0,0.0,0.0,0.0,0.0,1046.5295025597716,1290.6612266912844
15.0,12.0,4.0,0.0,4.0,0.0,0.0,0.0,2.0,4.0,0.0,0.0,0.0,-1.0,0.0,2.0,3.0,2.0,2.0,1.0,1.0,3.0,-1.0,1183.3649574532212,1541.4955083462305
15.0,12.0,0.0,1.0,5.0,-1.0,2.0,3.0,1.0,3.0,0.0,4.0,-1.0,10.0,4.0,0.0,0.0,4.0,1.0,5.0,5.0,1.0,2.0,1179.9251833533237,625.0
15.0,15.0,0.0,0.0,0.0,7.0,8.0,9.0,1.0,2.0,0.0,1.0,4.0,3.0,2.0,2.0,1.0,7.0,7.0,8.0,0.0,1.0,3.0,1387.3633612850472,1652.5254386903323
15.0,12.0,4.0,7.0,2.0,6.0,3.0,0.0,1.0,3.0,1.0,7.0,2.0,3.0,1.0,6.0,0.0,6.0,0.0,7.0,4.0,8.0,0.0,1099.381680572802,1431.4476755241355
15.0,16.0,-1.0,5.0,3.0,8.0,3.0,7.0,3.0,0.0,2.0,2.0,0.0,4.0,3.0,3.0,8.0,3.0,3.0,2.0,5.0,3.0,9.0,1008.0481969880889,1862.1195751772166
15.0,15.0,0.0,4.0,0.0,3.0,6.0,5.0,6.0,3.0,0.0,0.0,7.0,7.0,5.0,4.0,0.0,1.0,1.0,0.0,1.0,4.0,2.0,1313.434646746186,1621.0492759516615
15.0,20.0,2.0,1.0,6.0,8.0,8.0,5.0,0.0,2.0,6.0,8.0,8.0,-1.0,1.0,4.0,5.0,-1.0,-1.0,2.0,0.0,2.0,2.0,1672.0549588737053,943.4472045681214
15.0,14.0,6.0,9.0,8.0,-1.0,0.0,2.0,2.0,1.0,0.0,9.0,1.0,0.0,1.0,2.0,8.0,0.0,6.0,0.0,0.0,1.0,0.0,938.1196555349768,1875.0
15.0,12.0,5.0,2.0,3.0,1.0,4.0,0.0,0.0,3.0,3.0,5.0,0.0,3.0,2.0,6.0,10.0,0.0,4.0,3.0,3.0,1.0,3.0,630.0,1457.332961974046
21.0,19.0,3.0,0.0,11.0,12.0,7.0,8.0,16.0,6.0,1.0,8.0,2.0,10.0,0.0,6.0,12.0,4.0,5.0,2.0,3.0,0.0,7.0,660.7399892427952,1770.237478085737
15.0,14.0,1.0,1.0,9.0,4.0,1.0,1.0,-1.0,4.0,4.0,8.0,0.0,4.0,8.0,0.0,2.0,1.0,1.0,3.0,8.0,4.0,2.0,841.3775390815472,1836.5924351708893
15.0,16.0,5.0,0.0,7.0,0.0,4.0,-1.0,6.0,0.0,5.0,-1.0,0.0,-1.0,3.0,2.0,5.0,2.0,0.0,-1.0,2.0,0.0,3.0,1521.727132158551,1272.1075236848756
15.0,17.0,16.0,5.0,5.0,11.0,4.0,9.0,9.0,4.0,20.0,8.0,2.0,14.0,5.0,14.0,11.0,4.0,2.0,4.0,7.0,8.0,8.0,853.81457690079,1679.6842564181136
15.0,15.0,3.0,3.0,0.0,3.0,-1.0,4.0,6.0,4.0,0.0,1.0,4.0,0.0,3.0,10.0,5.0,0.0,5.0,3.0,4.0,2.0,0.0,1241.770687088006,1193.0264321789728
23.0,17.0,5.0,8.0,13.0,3.0,6.0,7.0,2.0,14.0,3.0,12.0,4.0,4.0,1.0,6.0,14.0,1.0,3.0,10.0,6.0,10.0,8.0,1890.0,1353.915685410994
15.0,19.0,12.0,4.0,6.0,10.0,6.0,12.0,20.0,2.0,18.0,9.0,7.0,13.0,9.0,19.0,10.0,10.0,0.0,0.0,12.0,11.0,9.0,630.0,1860.5559561697573
15.0,12.0,3.0,4.0,1.0,2.0,1.0,2.0,1.0,8.0,3.0,5.0,-1.0,3.0,2.0,4.0,5.0,0.0,2.0,1.0,8.0,6.0,1.0,763.7577230561507,1534.1432550566858
15.0,20.0,11.0,5.0,3.0,7.0,0.0,6.0,2.0,0.0,5.0,0.0,0.0,8.0,0.0,2.0,4.0,7.0,0.0,4.0,4.0,1.0,1.0,1670.4830725006052,788.5559776187949
15.0,19.0,13.0,2.0,7.0,11.0,4.0,6.0,15.0,12.0,19.0,17.0,1.0,13.0,11.0,19.0,14.0,4.0,3.0,11.0,5.0,13.0,2.0,630.0,1857.4193801367999
15.0,18.0,0.0,4.0,4.0,10.0,9.0,1.0,0.0,13.0,0.0,0.0,1.0,0.0,3.0,2.0,5.0,4.0,0.0,5.0,6.0,2.0,4.0,1775.7057082678707,814.5244288011316
15.0,12.0,2.0,2.0,0.0,0.0,0.0,1.0,4.0,3.0,1.0,7.0,1.0,12.0,2.0,4.0,3.0,0.0,2.0,2.0,4.0,4.0,0.0,980.9723530414898,714.8598689272806
15.0,21.0,4.0,4.0,8.0,2.0,3.0,1.0,4.0,4.0,6.0,0.0,0.0,-1.0,2.0,-1.0,10.0,6.0,4.0,5.0,1.0,-1.0,6.0,1069.129501440738,1851.9389147326535
15.0,15.0,5.0,4.0,1.0,3.0,0.0,4.0,4.0,2.0,5.0,7.0,4.0,7.0,0.0,0.0,7.0,0.0,2.0,2.0,2.0,3.0,1.0,1272.4083898940335,1697.0834184947075
16.0,19.0,0.0,3.0,0.0,9.0,8.0,1.0,8.0,0.0,4.0,0.0,1.0,3.0,2.0,0.0,3.0,0.0,2.0,0.0,8.0,2.0,2.0,1307.541841322748,1282.9670454729958
15.0,15.0,7.0,7.0,3.0,1.0,6.0,4.0,0.0,0.0,0.0,-1.0,2.0,8.0,8.0,3.0,1.0,4.0,5.0,2.0,3.0,1.0,1.0,1159.777866501761,1875.0
15.0,17.0,5.0,1.0,5.0,1.0,4.0,2.0,-1.0,5.0,2.0,6.0,0.0,5.0,2.0,7.0,8.0,0.0,7.0,1.0,5.0,4.0,10.0,1196.424378968752,1817.4893458748588
15.0,15.0,-1.0,-1.0,0.0,2.0,4.0,2.0,5.0,1.0,0.0,11.0,-1.0,4.0,5.0,4.0,6.0,4.0,2.0,0.0,0.0,1.0,0.0,980.7605270419647,1160.502393050725
23.0,21.0,3.0,4.0,4.0,10.0,13.0,0.0,2.0,5.0,-1.0,13.0,4.0,6.0,6.0,8.0,4.0,9.0,14.0,3.0,9.0,3.0,4.0,1441.5202805011372,827.5381075590632
15.0,19.0,5.0,1.0,7.0,11.0,7.0,6.0,17.0,9.0,19.0,17.0,6.0,16.0,11.0,19.0,4.0,12.0,1.0,7.0,7.0,9.0,15.0,830.9580498230446,1544.557237021378
23.0,20.0,3.0,8.0,7.0,5.0,6.0,11.0,8.0,12.0,7.0,2.0,3.0,6.0,4.0,9.0,8.0,2.0,12.0,4.0,4.0,0.0,13.0,1830.4658391528503,1679.7277562346476
15.0,12.0,0.0,2.0,1.0,8.0,7.0,6.0,4.0,2.0,6.0,1.0,9.0,6.0,9.0,6.0,4.0,6.0,3.0,0.0,4.0,5.0,3.0,630.0,1237.407355599186
15.0,15.0,4.0,19.0,8.0,13.0,5.0,20.0,9.0,10.0,13.0,13.0,4.0,14.0,18.0,4.0,10.0,2.0,4.0,6.0,20.0,9.0,13.0,630.0,1868.2113785738754
21.0,19.0,3.0,1.0,16.0,7.0,12.0,6.0,11.0,9.0,0.0,9.0,1.0,4.0,6.0,12.0,11.0,8.0,7.0,4.0,7.0,8.0,3.0,681.6298892607786,1830.2104134697418
15.0,12.0,5.0,3.0,1.0,6.0,0.0,9.0,1.0,3.0,3.0,4.0,0.0,4.0,4.0,2.0,5.0,2.0,-1.0,2.0,3.0,4.0,5.0,630.0,1464.4468693061347
15.0,12.0,4.0,0.0,1.0,2.0,2.0,7.0,2.0,2.0,1.0,2.0,0.0,0.0,0.0,6.0,2.0,1.0,0.0,1.0,4.0,-1.0,0.0,1296.7006626372736,1274.696701327476
15.0,12.0,-1.0,2.0,1.0,1.0,0.0,8.0,0.0,9.0,0.0,2.0,0.0,-1.0,0.0,0.0,2.0,9.0,0.0,1.0,1.0,0.0,0.0,1431.0680848788256,1343.9045890213042
15.0,19.0,12.0,5.0,3.0,2.0,0.0,-1.0,-1.0,-1.0,0.0,-1.0,0.0,1.0,-1.0,3.0,-1.0,3.0,5.0,1.0,-1.0,2.0,0.0,1739.5408196101737,1250.7333656062133
15.0,16.0,7.0,1.0,5.0,3.0,1.0,1.0,0.0,11.0,0.0,1.0,1.0,13.0,0.0,4.0,4.0,10.0,3.0,7.0,0.0,14.0,3.0,1758.378604479748,703.0581635016161
15.0,12.0,1.0,7.0,7.0,-1.0,0.0,1.0,0.0,1.0,1.0,7.0,0.0,4.0,3.0,2.0,7.0,0.0,4.0,-1.0,0.0,4.0,0.0,1302.2740772232119,1710.4814135609874
15.0,16.0,3.0,4.0,5.0,6.0,8.0,6.0,1.0,0.0,6.0,0.0,0.0,0.0,4.0,6.0,8.0,2.0,4.0,2.0,4.0,7.0,6.0,925.6361656771728,1875.0
18.0,19.0,7.0,3.0,4.0,8.0,3.0,7.0,-1.0,4.0,1.0,4.0,0.0,6.0,6.0,7.0,7.0,2.0,4.0,6.0,4.0,5.0,4.0,1350.6577867955014,1807.1704080113332
18.0,19.0,0.0,2.0,8.0,1.0,4.0,7.0,6.0,8.0,4.0,3.0,6.0,4.0,1.0,7.0,15.0,0.0,8.0,-1.0,6.0,5.0,4.0,1264.8667174442817,1794.580466664806
15.0,12.0,6.0,0.0,0.0,-1.0,6.0,3.0,5.0,5.0,1.0,2.0,-1.0,1.0,3.0,0.0,0.0,0.0,0.0,2.0,0.0,3.0,1.0,1358.7420592033013,1065.589359306903
15.0,12.0,4.0,1.0,0.0,7.0,-1.0,3.0,4.0,3.0,4.0,6.0,4.0,6.0,2.0,3.0,4.0,1.0,4.0,0.0,6.0,2.0,0.0,1149.2966828251772,1759.1024241217704
23.0,21.0,7.0,4.0,7.0,13.0,4.0,7.0,7.0,13.0,6.0,1.0,4.0,7.0,3.0,4.0,9.0,9.0,1.0,6.0,4.0,10.0,9.0,1049.2390806640647,1462.9322005537156
15.0,12.0,0.0,4.0,7.0,6.0,1.0,2.0,5.0,2.0,0.0,6.0,1.0,1.0,8.0,3.0,3.0,2.0,6.0,2.0,0.0,7.0,2.0,630.0,1167.2300895419
15.0,16.0,4.0,5.0,4.0,3.0,10.0,4.0,4.0,0.0,3.0,0.0,0.0,0.0,3.0,3.0,4.0,4.0,3.0,2.0,4.0,4.0,5.0,1023.3914869821837,1875.0
15.0,14.0,0.0,1.0,3.0,5.0,1.0,4.0,0.0,1.0,-1.0,1.0,5.0,5.0,-1.0,6.0,6.0,8.0,8.0,0.0,3.0,3.0,0.0,1354.1504271983363,1466.40783010392
15.0,21.0,8.0,0.0,5.0,7.0,8.0,4.0,1.0,5.0,3.0,2.0,1.0,1.0,6.0,0.0,2.0,0.0,3.0,6.0,1.0,8.0,5.0,954.3374018586858,1875.0
15.0,16.0,0.0,4.0,1.0,4.0,5.0,4.0,8.0,3.0,3.0,1.0,8.0,3.0,4.0,4.0,0.0,0.0,7.0,1.0,2.0,3.0,6.0,1363.038005343323,1648.291759109975
18.0,19.0,4.0,9.0,5.0,6.0,0.0,4.0,5.0,3.0,2.0,5.0,2.0,8.0,4.0,5.0,3.0,2.0,7.0,5.0,7.0,2.0,1.0,1004.349516896882,1826.0796656609832
23.0,21.0,8.0,5.0,6.0,4.0,9.0,12.0,16.0,6.0,6.0,1.0,8.0,13.0,3.0,9.0,3.0,2.0,7.0,2.0,9.0,7.0,5.0,1700.0289749138683,1411.8522846507701
15.0,12.0,1.0,0.0,3.0,6.0,3.0,-1.0,4.0,5.0,1.0,5.0,0.0,0.0,2.0,1.0,0.0,5.0,4.0,3.0,8.0,4.0,0.0,630.0,1163.9001781349773
15.0,17.0,7.0,1.0,10.0,6.0,10.0,0.0,4.0,5.0,6.0,7.0,0.0,5.0,0.0,8.0,5.0,2.0,8.0,2.0,3.0,3.0,7.0,963.7677901742118,1832.5077950608547
15.0,12.0,7.0,0.0,1.0,1.0,6.0,3.0,5.0,7.0,2.0,5.0,4.0,3.0,6.0,2.0,5.0,5.0,0.0,4.0,2.0,2.0,2.0,739.0057778825374,1438.508249902522
15.0,14.0,8.0,0.0,4.0,2.0,5.0,4.0,4.0,4.0,1.0,1.0,0.0,0.0,4.0,9.0,0.0,0.0,0.0,7.0,5.0,1.0,0.0,1390.843073000686,1111.1436454214452
16.0,19.0,3.0,11.0,10.0,8.0,8.0,4.0,5.0,2.0,1.0,3.0,3.0,0.0,3.0,4.0,4.0,0.0,0.0,2.0,11.0,0.0,6.0,782.4282008712374,1324.8019486749545
15.0,14.0,9.0,1.0,2.0,4.0,3.0,7.0,4.0,3.0,0.0,2.0,1.0,-1.0,0.0,-1.0,7.0,0.0,3.0,3.0,0.0,-1.0,8.0,1334.848677870847,1200.5645124129287
15.0,12.0,4.0,1.0,2.0,3.0,0.0,1.0,-1.0,9.0,3.0,3.0,0.0,0.0,3.0,2.0,12.0,15.0,2.0,4.0,3.0,8.0,2.0,958.7733823705844,1772.0352839452205
15.0,15.0,1.0,4.0,5.0,0.0,3.0,7.0,5.0,0.0,6.0,4.0,0.0,-1.0,4.0,-1.0,4.0,3.0,4.0,3.0,8.0,3.0,3.0,980.1292623696429,1858.842462433364
15.0,20.0,6.0,7.0,4.0,5.0,2.0,-1.0,0.0,0.0,3.0,0.0,0.0,3.0,2.0,3.0,1.0,5.0,5.0,2.0,3.0,6.0,0.0,1890.0,1188.8501274499354
15.0,19.0,-1.0,6.0,8.0,2.0,7.0,2.0,3.0,4.0,1.0,4.0,1.0,8.0,1.0,5.0,0.0,5.0,8.0,5.0,2.0,4.0,2.0,1066.6230005702462,1871.4672751346716
15.0,19.0,5.0,7.0,6.0,1.0,7.0,6.0,0.0,9.0,9.0,7.0,6.0,3.0,11.0,10.0,0.0,-1.0,10.0,0.0,10.0,6.0,7.0,879.6291703644991,1875.0
15.0,15.0,7.0,2.0,8.0,-1.0,7.0,3.0,0.0,5.0,7.0,4.0,0.0,3.0,1.0,0.0,1.0,4.0,4.0,5.0,0.0,3.0,2.0,1808.839562882454,1307.8572367959189
15.0,15.0,4.0,3.0,0.0,0.0,3.0,2.0,0.0,0.0,0.0,4.0,4.0,4.0,6.0,6.0,7.0,3.0,0.0,7.0,7.0,1.0,3.0,917.2844788018007,1313.0173732272146
15.0,12.0,3.0,0.0,0.0,0.0,3.0,0.0,9.0,7.0,0.0,0.0,0.0,0.0,0.0,-1.0,5.0,0.0,7.0,4.0,3.0,5.0,0.0,1575.6090978693464,1481.8052288421334
15.0,12.0,1.0,0.0,8.0,4.0,8.0,0.0,5.0,0.0,1.0,9.0,1.0,0.0,3.0,7.0,3.0,3.0,3.0,3.0,0.0,2.0,1.0,1124.454074428197,1655.3277236018937
15.0,15.0,3.0,5.0,6.0,2.0,1.0,1.0,4.0,0.0,6.0,3.0,0.0,5.0,7.0,5.0,2.0,2.0,0.0,0.0,5.0,0.0,2.0,1389.1933896058272,908.6427103857311
15.0,12.0,0.0,1.0,5.0,0.0,2.0,5.0,7.0,7.0,0.0,1.0,0.0,14.0,2.0,0.0,0.0,11.0,1.0,3.0,5.0,7.0,3.0,1155.302321170983,625.0
16.0,14.0,1.0,1.0,-1.0,-1.0,4.0,1.0,2.0,12.0,6.0,0.0,2.0,9.0,2.0,9.0,0.0,0.0,0.0,1.0,0.0,8.0,1.0,1890.0,775.3465747776878
15.0,19.0,0.0,4.0,2.0,5.0,8.0,2.0,3.0,4.0,4.0,8.0,5.0,6.0,0.0,2.0,2.0,3.0,1.0,4.0,9.0,-1.0,2.0,1229.7607463605304,954.8628136882334
15.0,19.0,7.0,3.0,0.0,7.0,7.0,3.0,6.0,0.0,7.0,0.0,4.0,2.0,0.0,1.0,11.0,7.0,0.0,2.0,6.0,7.0,3.0,1890.0,1360.196899955096
15.0,15.0,7.0,5.0,5.0,0.0,5.0,-1.0,3.0,0.0,0.0,1.0,0.0,1.0,4.0,0.0,4.0,2.0,1.0,5.0,4.0,-1.0,1.0,1076.9145485004647,1509.775974331792
15.0,16.0,5.0,3.0,4.0,2.0,3.0,-1.0,1.0,0.0,-1.0,1.0,2.0,0.0,3.0,3.0,4.0,4.0,2.0,1.0,3.0,-1.0,0.0,1059.463717786934,1528.2919124386715
24.0,20.0,7.0,7.0,4.0,3.0,7.0,5.0,13.0,6.0,1.0,15.0,5.0,2.0,5.0,10.0,1.0,8.0,3.0,4.0,5.0,3.0,1.0,1890.0,625.0
15.0,15.0,2.0,0.0,0.0,-1.0,1.0,4.0,5.0,1.0,1.0,1.0,0.0,-1.0,3.0,3.0,5.0,4.0,-1.0,4.0,3.0,2.0,0.0,1290.5761134750865,1075.2617738872607
15.0,17.0,2.0,0.0,-1.0,4.0,7.0,1.0,0.0,2.0,5.0,1.0,8.0,3.0,3.0,0.0,2.0,5.0,0.0,1.0,4.0,0.0,1.0,993.8894610558701,1325.3670421318734
15.0,12.0,6.0,-1.0,3.0,-1.0,7.0,4.0,2.0,5.0,3.0,3.0,2.0,9.0,0.0,3.0,5.0,1.0,4.0,0.0,9.0,3.0,2.0,630.0,1473.5140562848255
15.0,19.0,0.0,4.0,0.0,3.0,10.0,1.0,3.0,6.0,4.0,0.0,1.0,3.0,1.0,5.0,3.0,0.0,2.0,5.0,9.0,-1.0,3.0,1300.8613342704305,1260.2322019685048
15.0,17.0,2.0,1.0,0.0,10.0,3.0,3.0,1.0,0.0,6.0,2.0,7.0,3.0,3.0,3.0,4.0,5.0,9.0,4.0,4.0,2.0,4.0,1538.6146875409088,1271.7505388193933
16.0,17.0,4.0,0.0,7.0,1.0,6.0,0.0,5.0,5.0,6.0,0.0,0.0,2.0,8.0,7.0,7.0,4.0,6.0,0.0,8.0,3.0,4.0,1601.1711748842845,1294.8326009443804
16.0,17.0,5.0,5.0,10.0,-1.0,5.0,0.0,0.0,6.0,0.0,-1.0,5.0,-1.0,0.0,1.0,0.0,2.0,5.0,2.0,0.0,1.0,0.0,1705.625748786051,1096.2342895583681
15.0,15.0,1.0,0.0,1.0,4.0,7.0,3.0,0.0,1.0,0.0,0.0,0.0,3.0,7.0,4.0,4.0,7.0,-1.0,2.0,1.0,0.0,0.0,1259.9018802039411,1345.4461432922553
15.0,18.0,1.0,8.0,4.0,3.0,9.0,3.0,2.0,0.0,4.0,1.0,9.0,3.0,4.0,0.0,6.0,0.0,0.0,0.0,9.0,0.0,6.0,1453.4533558080514,1107.9293039372706
