0.005173777,0.007711220,0.004881540,0.004251294,0.004641064,0.003807452,0.008369774,0.006571435
0.001051443,0.003344218,0.004801324,0.003727108,0.003633314,0.007341352,0.007464587,0.007030637
0.001685329,0.003972177,0.007768901,0.009137121,0.005186597,0.004038946,0.003284124,0.002370488
0.002394008,0.004205386,0.005469248,0.007952959,0.005656902,0.004687185,0.005009048,0.003589351
0.001447437,0.003563689,0.005897031,0.006659246,0.005548161,0.007799815,0.005365608,0.002722976
0.004745136,0.005868495,0.006761971,0.005562206,0.005999210,0.003134538,0.004669400,0.004463466
0.001110844,0.002571660,0.003400181,0.006811885,0.009212160,0.008926029,0.002588847,0.001705303
0.001629480,0.005616854,0.002546672,0.006615045,0.005291536,0.007028211,0.004171260,0.005761552
0.008160332,0.008289138,0.002289463,0.003948993,0.004820785,0.007481273,0.005326023,0.004722380
0.004278656,0.006579721,0.003562942,0.003822916,0.005780550,0.010051507,0.003415223,0.004044481
0.006900019,0.006564927,0.004114718,0.003430056,0.005791963,0.009429062,0.004604104,0.005793344
0.005176495,0.004780331,0.002545002,0.009862749,0.007657070,0.004438175,0.003562162,0.004735024
0.002758150,0.003280925,0.007939250,0.006736772,0.007224943,0.005101708,0.002906866,0.005118348
0.003173424,0.005457704,0.006355463,0.002853592,0.004214320,0.009537353,0.010066773,0.008122674
0.005026902,0.004950434,0.004625776,0.005988105,0.005491920,0.005809703,0.008164876,0.006773783
0.003508205,0.004265197,0.002816320,0.002335363,0.008978722,0.012058830,0.008439994,0.002748782
0.003969562,0.006881075,0.004074306,0.003318095,0.004700847,0.004023253,0.004065431,0.004413193
0.005643031,0.005044524,0.002381996,0.007722311,0.004931139,0.005830107,0.002916151,0.002713668
0.002781853,0.003831653,0.003137364,0.008665780,0.009016105,0.005352003,0.003739264,0.003884499
0.001825053,0.001986369,0.003847242,0.006200209,0.007913827,0.009799429,0.005945806,0.001919288
0.002324316,0.003822228,0.003151938,0.006690183,0.008258891,0.004903705,0.008700855,0.010253630
0.004053690,0.004137844,0.006798451,0.007545158,0.005145825,0.005402806,0.005955608,0.002448778
0.002716174,0.006402690,0.006097199,0.005631432,0.003426795,0.002936307,0.003175664,0.002584935
0.002022516,0.004406853,0.004472137,0.009383293,0.005941669,0.005191210,0.005361963,0.001463531
0.007482897,0.006358221,0.004352049,0.004304089,0.004223530,0.006433519,0.007656703,0.008629491
0.004316834,0.002734495,0.003629000,0.006280799,0.008514616,0.005872889,0.004964120,0.004144739
0.001239920,0.004502279,0.005538808,0.006803711,0.006297429,0.008147734,0.003116019,0.002044040
0.002055860,0.004385273,0.005161186,0.006290354,0.005497558,0.004446904,0.003282487,0.004307646
0.001795357,0.004077694,0.006968122,0.007587455,0.004908152,0.006128153,0.004324918,0.003480606
0.003216750,0.003736951,0.003788439,0.008502898,0.007042149,0.006786673,0.005415811,0.003967766
0.003474147,0.002316702,0.002896358,0.006571153,0.009157310,0.010387655,0.005636516,0.001553834
0.001706768,0.004218080,0.003627191,0.004394026,0.007654791,0.004701561,0.004092350,0.001937026
0.001503548,0.002436188,0.002434920,0.004136248,0.007031393,0.010243629,0.007290714,0.005839016
0.003436273,0.008721673,0.004659692,0.004747000,0.006495343,0.005158879,0.005455613,0.002410343
0.001487784,0.004668406,0.005860969,0.007603855,0.007654135,0.006580477,0.003765612,0.002834490
0.001204592,0.002710624,0.003628003,0.007499259,0.008380151,0.008191235,0.005416323,0.003907993
0.001606577,0.004917679,0.007482560,0.008837715,0.007226398,0.006143717,0.003100141,0.001746555
0.000822016,0.002747910,0.001647949,0.007425108,0.011807483,0.006842074,0.002530332,0.001455345
0.003555478,0.003131135,0.003959272,0.007536730,0.006815386,0.005795004,0.007778939,0.007962280
0.002111757,0.005953102,0.006571522,0.004584390,0.005574340,0.006084324,0.006621070,0.004989629
0.003385540,0.005129160,0.003913373,0.003660943,0.006318094,0.009720382,0.010245802,0.007839460
0.005553415,0.004958522,0.004640092,0.005539140,0.004778131,0.006655260,0.009356621,0.007323736
0.003490562,0.003295127,0.003419542,0.010809964,0.009816056,0.004076391,0.002396380,0.001841464
0.006181223,0.004090624,0.002692228,0.008142802,0.008247449,0.006417412,0.003191656,0.003941259
0.003863388,0.003469996,0.002948552,0.005073304,0.010576982,0.009318457,0.004570502,0.002213352
0.006535481,0.007391666,0.003673077,0.004527183,0.005457753,0.004750371,0.009026723,0.005682427
0.001765418,0.004880035,0.004712712,0.006927472,0.009885658,0.004890880,0.004977526,0.002959737
0.005897344,0.005295067,0.003748551,0.005713280,0.004403702,0.008733088,0.009165545,0.005933652
0.001806647,0.002535278,0.004470861,0.007695384,0.007280185,0.006871427,0.004856900,0.005839131
0.001552335,0.004023600,0.004853242,0.007495849,0.008201882,0.006593475,0.002320393,0.001245726
0.000903986,0.002617782,0.005397739,0.007943391,0.007770277,0.008253073,0.003293486,0.002976949
0.002627272,0.002370976,0.002320734,0.007761679,0.006944960,0.007456883,0.009660012,0.009681161
0.005697167,0.007926769,0.005733730,0.004083707,0.002667907,0.002598728,0.005696117,0.006017865
0.002432183,0.004316241,0.004291620,0.005855168,0.007205638,0.007756661,0.008069968,0.005851348
0.004552736,0.008359717,0.006499019,0.003132091,0.003376624,0.005832139,0.003215685,0.002578007
0.004943912,0.005687464,0.002382693,0.004808956,0.009290573,0.007024580,0.006878128,0.003155758
0.005116245,0.005495952,0.002580984,0.005622886,0.009026212,0.007160241,0.004665009,0.002613157
0.002492453,0.004008245,0.005505773,0.006159761,0.007010461,0.006158311,0.004252172,0.002151830
0.003957391,0.005491063,0.005238429,0.007850235,0.006614587,0.003970811,0.006118075,0.001700383
0.002711318,0.001471457,0.004367449,0.007320946,0.007262736,0.007651865,0.005562838,0.002617939
0.003457178,0.004517459,0.004425952,0.006977744,0.009579767,0.008591812,0.001686151,0.001264331
0.001465592,0.004316492,0.007252173,0.005990328,0.002941956,0.006455301,0.011373101,0.010168304
0.001773376,0.006375928,0.006310741,0.004610736,0.005180722,0.008523285,0.004667796,0.003103071
0.003267760,0.007276194,0.008983127,0.006108425,0.002834488,0.003775821,0.003139586,0.001861940
0.001822892,0.005685114,0.008570958,0.006808878,0.003639231,0.002300481,0.005535790,0.004625152
0.003122536,0.003082501,0.002891968,0.007434580,0.004280400,0.003013570,0.008104434,0.005980093
0.003434006,0.002028527,0.002332335,0.008364261,0.005979218,0.007303525,0.002961068,0.003101140
0.006917720,0.006610448,0.002105653,0.005993330,0.006935279,0.008436690,0.004856601,0.004071552
0.005658645,0.002878897,0.001993883,0.007140576,0.004904791,0.010191859,0.011620830,0.006019841
0.002248754,0.002701907,0.005508175,0.010138907,0.006756500,0.004857901,0.004014715,0.001908641
0.003190217,0.004693208,0.005605041,0.005176938,0.005043890,0.007951392,0.008697060,0.006903389
0.003480901,0.004668009,0.001791365,0.007689110,0.009076363,0.009681148,0.003706033,0.001238444
0.005665100,0.005863704,0.003582561,0.004645688,0.007483757,0.006982591,0.006239748,0.004989519
0.001533617,0.002533117,0.005258809,0.009039750,0.009496415,0.006895863,0.003718351,0.001054157
0.002853983,0.004763345,0.003279053,0.004606731,0.009009843,0.011011571,0.003442792,0.003977638
0.003693084,0.002996832,0.001625434,0.007322697,0.009613211,0.008020888,0.006957952,0.004703496
0.001913718,0.003724554,0.004500886,0.010320546,0.007406418,0.002514762,0.004793045,0.004169632
0.002785494,0.005062012,0.006418298,0.006234342,0.006013372,0.005443869,0.003188898,0.002869740
0.002366741,0.003740427,0.005205188,0.006195576,0.008640813,0.004611937,0.004722056,0.003791153
0.003015931,0.007626456,0.008078739,0.004489585,0.003480645,0.003604524,0.004339597,0.003048695
0.005356260,0.004514295,0.003843461,0.005552327,0.006473666,0.004836556,0.003255608,0.002969355
0.005220400,0.005258971,0.005160575,0.008623994,0.004764339,0.003790234,0.002557015,0.002248860
0.002567255,0.006889424,0.007366059,0.004319975,0.004825831,0.004877276,0.004515614,0.003394155
0.001305462,0.002926841,0.005326604,0.008957904,0.007218322,0.005494083,0.003888081,0.003557183
0.003366068,0.004272541,0.004784777,0.006231354,0.008240977,0.008750163,0.005242249,0.003203673
0.001821523,0.003823756,0.003769315,0.006285109,0.003116864,0.006019319,0.006232304,0.005399991
0.005762778,0.005941501,0.003592044,0.003635370,0.005967071,0.009923777,0.007429354,0.002961312
0.002520114,0.004667553,0.002148990,0.007015140,0.009846595,0.007164287,0.005790333,0.003376149
0.002296974,0.002004516,0.001048645,0.006219946,0.009260914,0.009099368,0.007447116,0.003657518
0.002887578,0.004501731,0.003858870,0.006109831,0.006810479,0.007989271,0.010186508,0.005015342
0.004497752,0.006710893,0.005987013,0.006976484,0.003852121,0.004087394,0.006058089,0.002576771
0.002011864,0.003380439,0.002280848,0.009255741,0.009598535,0.005681287,0.004464655,0.003265974
0.002439221,0.007761525,0.006140135,0.002983097,0.006151589,0.006971955,0.006632759,0.002040137
0.004016792,0.004621272,0.003996768,0.005723452,0.006021423,0.007902275,0.010121251,0.004852236
0.003029096,0.004789544,0.005740134,0.004744858,0.004922199,0.006656839,0.010768623,0.011278468
0.004450201,0.003843865,0.003341793,0.006206815,0.007849922,0.006439643,0.006822135,0.006951551
0.001516116,0.002872847,0.002624247,0.004697102,0.010257114,0.009360441,0.006028380,0.003641855
0.001988519,0.004209923,0.006507365,0.005840468,0.004965781,0.006298901,0.011106502,0.009672522
0.000976597,0.002862762,0.005128290,0.008504199,0.008348865,0.006374242,0.002528603,0.002696380
0.002731362,0.006676704,0.005617865,0.006770383,0.007560097,0.002297222,0.002783980,0.003675251
0.002614735,0.006215360,0.006043086,0.005375452,0.004812960,0.007265169,0.007431882,0.004207629
0.005177877,0.006818618,0.005454613,0.005933381,0.003942577,0.003223492,0.004610746,0.003051279
0.001617262,0.005962886,0.008504594,0.007570204,0.002311654,0.003072952,0.005496154,0.004033951
0.001912958,0.004610136,0.007126298,0.007088906,0.006016649,0.004167735,0.007413934,0.003414732
0.003052130,0.003867692,0.007240880,0.006274571,0.003988740,0.007935689,0.006762977,0.004945189
0.002367074,0.004438219,0.004664249,0.009599303,0.006939460,0.005038992,0.002656983,0.002507279
0.002758122,0.005050572,0.006886442,0.007163632,0.006083876,0.004105757,0.003087179,0.002387076
0.001458756,0.003658748,0.005076488,0.005849519,0.005059499,0.007730074,0.009940209,0.006206104
0.001569955,0.002838252,0.004820038,0.007287517,0.007048597,0.005710302,0.007203943,0.002179480
0.004013236,0.007252861,0.006408767,0.006198494,0.004241171,0.005562105,0.003278676,0.004059227
0.002612822,0.004492048,0.006243067,0.008902458,0.007012965,0.002097429,0.001823874,0.001181138
0.003074307,0.006066596,0.006634222,0.006614911,0.004524724,0.003804886,0.004395452,0.003708168
0.001625103,0.006092002,0.003687728,0.002846180,0.008764640,0.005442419,0.007599634,0.003672100
0.004118706,0.005773351,0.004889928,0.009171386,0.005244566,0.002706457,0.004375104,0.001498129
0.002520019,0.004886671,0.003811311,0.004875790,0.006918119,0.009301489,0.006849883,0.003391113
0.001685289,0.003602711,0.006622653,0.008013379,0.003537764,0.005422361,0.007598890,0.006238153
0.001067688,0.004497535,0.007322989,0.006215153,0.005856984,0.009015411,0.002271208,0.002873504
0.001349528,0.003264901,0.006259767,0.007883831,0.005106757,0.006641489,0.007468442,0.002035512
0.002252377,0.004674798,0.005029900,0.002911237,0.007955073,0.009482067,0.006848780,0.005455162
0.005450281,0.006611171,0.005582324,0.002768561,0.005793039,0.008167476,0.005524473,0.004819370
0.003176253,0.005005694,0.005981244,0.004417701,0.007974699,0.006078495,0.005163661,0.002570613
0.003907242,0.005565633,0.004806469,0.006299208,0.007596203,0.005469720,0.001398248,0.001599052
0.001228203,0.001600880,0.004085849,0.006566153,0.010243819,0.008681311,0.002415790,0.002218461
0.002551274,0.003500971,0.003730109,0.004439918,0.007008561,0.010918617,0.008435269,0.003623971
0.004414539,0.004356513,0.004492151,0.004486878,0.006837646,0.007593241,0.010465653,0.006838140
0.001542437,0.004656217,0.003203241,0.006225903,0.005762848,0.010904557,0.006911949,0.004490684
0.002100959,0.003918347,0.004635746,0.004839164,0.008524496,0.006093729,0.006841455,0.004942807
0.001987717,0.004494342,0.005247433,0.006628330,0.009252715,0.008158588,0.003324916,0.002681086
0.002068536,0.005506563,0.002654433,0.003104548,0.008672546,0.010550160,0.008489720,0.005200278
0.002257228,0.003556492,0.005595814,0.007705519,0.007999685,0.005824513,0.002997745,0.002244774
0.001725335,0.002735350,0.002531926,0.004387105,0.008826595,0.009267668,0.008400510,0.005995454
0.005560321,0.006506521,0.001644738,0.007526786,0.007079308,0.005681594,0.006523502,0.003650364
0.001420065,0.002536651,0.002690244,0.005549057,0.005700729,0.004560628,0.004654238,0.005807578
0.004395332,0.003357137,0.001972808,0.004775933,0.007668341,0.010995638,0.010123914,0.003182386
0.002360935,0.003936923,0.001766942,0.006522430,0.007090359,0.010700574,0.007829610,0.003711216
0.001539759,0.005090035,0.005235489,0.005218725,0.007474152,0.008537720,0.003951478,0.003972917
0.003941090,0.004980138,0.004397268,0.006270014,0.004258991,0.008665862,0.011263820,0.005191022
0.002775174,0.005381917,0.003446944,0.002648611,0.010763827,0.009262895,0.005486165,0.002988189
0.004027061,0.004415252,0.002756477,0.007404510,0.007323251,0.008017400,0.006486146,0.002799332
0.002356694,0.004098387,0.003197480,0.006246525,0.011907728,0.007293842,0.002179070,0.002889364
0.001576983,0.003273813,0.002946544,0.003329331,0.005896770,0.008676357,0.009029869,0.004626520
0.001693445,0.002692737,0.003027900,0.006146443,0.003780752,0.009452172,0.011268883,0.003117673
0.000946133,0.002725217,0.003323045,0.011436252,0.009311063,0.004291218,0.004102826,0.003547921
0.000764543,0.004639225,0.006642518,0.006419451,0.007240827,0.004486325,0.004096689,0.002842924
0.002866545,0.003439432,0.003711769,0.006891540,0.009084275,0.008054130,0.006493599,0.003252272
0.003560014,0.004636446,0.004839595,0.006330018,0.008031148,0.008984192,0.005309046,0.002688332
0.002719175,0.003349594,0.005188938,0.004422816,0.007088080,0.010359997,0.007635792,0.004469756
0.003920589,0.005586589,0.006398557,0.006383774,0.003806239,0.007174305,0.005397994,0.004698258
0.001302200,0.002628974,0.004311480,0.005402332,0.007811673,0.009457898,0.006214524,0.001377237
0.003259534,0.003257206,0.002837674,0.007072258,0.009554540,0.007475509,0.004284530,0.003794619
0.002579365,0.005395157,0.005517642,0.005834487,0.006938642,0.005339425,0.004552559,0.006642954
0.001745110,0.003063473,0.002301537,0.004633529,0.009652055,0.009916845,0.007697216,0.003547993
0.002175120,0.003575544,0.004373939,0.008238660,0.004989144,0.004349075,0.004687307,0.002902873
0.002538132,0.004008434,0.002800812,0.008364066,0.006466795,0.008589839,0.005830693,0.005290730
0.005537329,0.003632403,0.004572305,0.004175547,0.005110641,0.008743273,0.006699657,0.003368494
0.001488988,0.002776833,0.003911157,0.006715974,0.006795654,0.009607238,0.006614007,0.001885622
0.003099232,0.006612138,0.003551084,0.002834280,0.002997503,0.008740041,0.009288794,0.004596352
0.002891570,0.004973051,0.004317489,0.004186138,0.006904708,0.010215513,0.008413185,0.001939803
0.001772170,0.002830722,0.005715720,0.008370156,0.007676168,0.007511630,0.003475825,0.004105009
0.002491424,0.004606541,0.005625069,0.008322908,0.007653610,0.003292095,0.002378831,0.002343421
0.005183209,0.002868970,0.001543013,0.006420480,0.010362636,0.009261000,0.004879028,0.002945716
0.001912491,0.004850205,0.004635462,0.006351899,0.007617294,0.006405292,0.006912152,0.003579419
0.003464344,0.006004935,0.008245690,0.007156986,0.006965924,0.006784626,0.004504851,0.001178465
0.002459699,0.005562688,0.002643768,0.006391275,0.005937628,0.009007488,0.007409236,0.003291462
0.004226973,0.005892807,0.006734433,0.006422112,0.005193592,0.004239788,0.005037037,0.005003192
0.001063113,0.001668700,0.002807608,0.008418865,0.010049128,0.006199735,0.004931389,0.002660529
0.003526020,0.004969580,0.005267235,0.007781315,0.005610769,0.004521925,0.002634666,0.003560533
0.004514211,0.002439716,0.003372645,0.004018158,0.003341991,0.004955031,0.007785590,0.006318218
0.003736017,0.006105023,0.005139894,0.006553749,0.005025967,0.006330799,0.004315935,0.004300648
0.001146722,0.002594574,0.003967043,0.006276681,0.006822553,0.007581950,0.008731326,0.005892245
0.001294846,0.004765790,0.004359068,0.005525497,0.005121879,0.010138204,0.009026626,0.006638034
0.001809242,0.002072003,0.005908384,0.007647612,0.005176463,0.003246202,0.002947144,0.003616090
0.005845643,0.004087337,0.003892303,0.006489454,0.009161866,0.003940966,0.005133095,0.006822422
0.004193024,0.006556993,0.005450509,0.005478369,0.008169624,0.008634286,0.005761877,0.004309791
0.002663417,0.005471672,0.005588172,0.005066686,0.009021950,0.005888052,0.005653909,0.001499568
0.007597369,0.008708702,0.003413734,0.002768478,0.004356943,0.004512566,0.005312350,0.004988643
0.004109199,0.006387768,0.002971136,0.003785230,0.008117015,0.009319566,0.006296149,0.002290152
0.002897591,0.003953090,0.002314801,0.006201144,0.008077641,0.008559943,0.007447563,0.004790666
0.001316757,0.003249750,0.007554807,0.008389525,0.006693225,0.006143083,0.003808727,0.001988298
0.003070800,0.007117561,0.003225783,0.003571196,0.004766211,0.004481014,0.004697966,0.003402063
0.003299176,0.003144249,0.004997485,0.006610066,0.007551720,0.008040038,0.003177880,0.003455740
0.003741235,0.004226257,0.003331369,0.004199903,0.008401934,0.005712645,0.006248793,0.004619553
0.001946906,0.005712256,0.006417496,0.007676188,0.006936423,0.004365474,0.002279447,0.001626944
0.003719230,0.003797147,0.003153187,0.006193693,0.007681025,0.010059266,0.003697553,0.004557743
0.000795642,0.005278656,0.005681238,0.007280465,0.007228844,0.005059300,0.004395001,0.001232661
0.003832308,0.006681492,0.006655126,0.004186515,0.006984046,0.004030056,0.003026676,0.001736487
0.003611625,0.004002286,0.004171358,0.002911807,0.004004992,0.007672373,0.008326911,0.004050109
0.001354583,0.003835684,0.003858823,0.006747871,0.010162091,0.008228625,0.001586089,0.002064234
0.001615855,0.003479969,0.005049277,0.004196156,0.006443830,0.006789018,0.004401308,0.002299241
0.001267974,0.005348567,0.004797224,0.006647848,0.009383665,0.005356929,0.002917310,0.001909433
0.004419097,0.004518160,0.002166290,0.004910666,0.007970626,0.009924137,0.011160643,0.010643813
0.002806850,0.002929608,0.007022579,0.005611221,0.006195396,0.009279446,0.004113070,0.002813783
0.001883441,0.002905835,0.004081019,0.006118353,0.006829907,0.007116424,0.002811126,0.003439446
0.002355105,0.003392211,0.004658070,0.006976367,0.005791902,0.005362901,0.010789410,0.007655699
0.002453683,0.002100071,0.002812218,0.004840797,0.006975701,0.007102638,0.006222599,0.003558340
0.001729846,0.004775156,0.004629691,0.007480439,0.007827880,0.004860376,0.003842331,0.002137417
0.001150416,0.003044027,0.002571737,0.007782208,0.007530274,0.008488319,0.007761403,0.002481251
0.003504390,0.007518534,0.003749712,0.003084606,0.003303099,0.003714686,0.005762160,0.007416330
0.002474934,0.005789096,0.004011644,0.005540069,0.008324655,0.006325256,0.006681496,0.005142017
0.003691443,0.006992161,0.006128759,0.005305277,0.006103013,0.003561994,0.003620958,0.002788484
0.003161104,0.002165880,0.004177843,0.009004866,0.008265051,0.004596590,0.006543900,0.003338873
0.002118816,0.004030379,0.002464423,0.008990310,0.008279743,0.008436660,0.003431480,0.003155323
0.003183580,0.005723165,0.005152350,0.005494279,0.007094057,0.005927094,0.003994321,0.003517105
0.002189787,0.006410507,0.004333705,0.006832743,0.008475254,0.006154303,0.002991099,0.001888378
0.004351083,0.004646261,0.001657208,0.004640799,0.008824384,0.011490978,0.009278826,0.005576624
0.004260596,0.004798398,0.002288964,0.006248687,0.009741525,0.009347166,0.003396479,0.003998255
0.006059198,0.004039808,0.003959261,0.007743292,0.005844095,0.003734330,0.009539944,0.008728627
0.003005121,0.001853627,0.001842204,0.007853379,0.011260687,0.007246816,0.003890497,0.004602432
0.001288925,0.003881720,0.004914252,0.007050032,0.005911450,0.005615272,0.006346676,0.005687548
0.001684466,0.001956018,0.002035482,0.006248105,0.007120729,0.005805950,0.008552716,0.005793300
0.000577814,0.003888928,0.006280518,0.008824017,0.006793204,0.003064294,0.003860796,0.002262795
0.003307667,0.003993511,0.002204801,0.003305578,0.010581847,0.010866945,0.007387463,0.002375292
0.002217587,0.005216088,0.005412005,0.006897270,0.006675256,0.004936613,0.004311150,0.002863652
0.003517492,0.007834275,0.005139947,0.005703026,0.002929846,0.005883244,0.006603086,0.003552547
0.004052509,0.003407786,0.006496267,0.004621190,0.008598503,0.006471891,0.004846934,0.004821509
0.005184475,0.007722966,0.007169388,0.004982464,0.002558945,0.002209405,0.001634962,0.001355777
0.004080650,0.004072665,0.005075884,0.003518690,0.005592518,0.004932814,0.004397071,0.002649419
0.004085666,0.005941626,0.003193992,0.004460861,0.005257809,0.009326934,0.011441199,0.007802614
0.004169304,0.006092924,0.005954594,0.005275228,0.005196208,0.004814544,0.003500287,0.001760917
0.001148632,0.003123208,0.002838575,0.007740018,0.006942446,0.007958172,0.007545298,0.002018414
0.001843248,0.003500359,0.003191048,0.002010336,0.003888271,0.008613472,0.010118295,0.008365918
0.002572610,0.006290623,0.005139853,0.008762751,0.006561130,0.002852936,0.002566460,0.001622574
0.004774938,0.005183019,0.001859709,0.008690942,0.009095362,0.004289819,0.005180955,0.003077360
0.001078439,0.003753523,0.004435105,0.006829539,0.009167386,0.005485494,0.004884949,0.001279426
0.003472175,0.002903808,0.006716998,0.007053002,0.004339854,0.008901088,0.006282948,0.005694217
0.003034457,0.005789600,0.005088923,0.007777138,0.006296042,0.003657339,0.003693935,0.004068465
0.002488824,0.003494326,0.004522721,0.007987408,0.007580194,0.005578059,0.004682898,0.001929255
0.004278561,0.001603269,0.002878610,0.008410486,0.010199387,0.006652303,0.004389496,0.003346855
0.002962577,0.002801982,0.003591412,0.005188513,0.008072933,0.009639384,0.006319093,0.004882610
0.001294052,0.004503829,0.006885814,0.004420077,0.004346021,0.004429220,0.003405054,0.004006864
0.004123866,0.003102570,0.003605529,0.005190274,0.007980439,0.009277405,0.006291356,0.002487070
0.000756024,0.001072638,0.003784987,0.006951074,0.007954472,0.006964502,0.005058914,0.002354839
0.002236829,0.004026122,0.004235335,0.006425635,0.007181348,0.008539570,0.005706385,0.002475587
0.002232621,0.001520994,0.006203722,0.008714751,0.007814387,0.004640626,0.004967096,0.001938014
0.006281825,0.006932380,0.006338429,0.005546805,0.004663677,0.004856138,0.002893728,0.003349733
0.002194836,0.002900340,0.004600093,0.005960249,0.006428218,0.009000491,0.007768769,0.002189084
0.001052890,0.004452532,0.007796352,0.007016026,0.005471773,0.004965613,0.003906330,0.003548848
0.001676980,0.005734273,0.005730158,0.009032534,0.005298697,0.004666935,0.004613709,0.004477949
0.004351743,0.005533679,0.002874985,0.005985666,0.008578256,0.008877939,0.004585823,0.003679124
0.004194376,0.004748860,0.003256844,0.006435009,0.005544130,0.010330888,0.006485963,0.004345198
0.001110184,0.002678464,0.002065075,0.002385253,0.008584446,0.009918449,0.003855251,0.002840181
0.003888726,0.004058037,0.004075146,0.007064353,0.008574650,0.004981058,0.004350537,0.001342993
0.001269722,0.005208776,0.005913087,0.006103380,0.006212918,0.004459139,0.004507185,0.004833747
0.003189056,0.002919026,0.003130508,0.009038976,0.007570129,0.006599855,0.006658471,0.003729747
0.002690891,0.006802179,0.005808638,0.005037067,0.004910380,0.006981131,0.004304931,0.002444321
0.002371128,0.004270217,0.001991518,0.007422621,0.009254828,0.007550127,0.004924875,0.005346187
0.001684501,0.003967265,0.003338546,0.007587647,0.007406567,0.004995517,0.008057135,0.007795011
0.001432314,0.005340525,0.005777830,0.008449204,0.006151022,0.005560718,0.002271749,0.001669592
0.000871531,0.005089320,0.007792972,0.008623775,0.003863194,0.003782765,0.004474214,0.002593592
0.002821099,0.005109306,0.006363891,0.006061348,0.006229297,0.005608828,0.005892168,0.004926996
0.001142598,0.004373067,0.005985451,0.006344138,0.005788921,0.006199782,0.005891673,0.002046512
0.003690727,0.005087851,0.004736161,0.004331686,0.008240792,0.007250850,0.004354841,0.005081267
0.002008751,0.003795974,0.005421679,0.009103552,0.008299822,0.005092630,0.002214852,0.001180497
0.002408991,0.002862751,0.001878740,0.004729360,0.008717709,0.007726721,0.007581326,0.006821910
0.004530548,0.004947939,0.004903143,0.005745686,0.006673032,0.006144386,0.005106940,0.004160987
0.004241983,0.005251791,0.003274877,0.006199764,0.006114332,0.006543878,0.009968389,0.005694149
0.003706023,0.005522941,0.005502578,0.007038803,0.008919933,0.006301841,0.004765934,0.004936682
0.004533152,0.006438433,0.004538636,0.007170741,0.009791044,0.008503151,0.005469364,0.002981999
0.001963487,0.005578258,0.007315152,0.008612484,0.007512121,0.006914730,0.007115718,0.005001013
0.004203422,0.002657253,0.003873827,0.006355037,0.007819279,0.006967745,0.007955638,0.004075702
0.005005911,0.004210311,0.002907312,0.006540181,0.008212647,0.007843628,0.005282165,0.001852612
0.003416135,0.004399683,0.005065102,0.007360777,0.004761363,0.006722155,0.008501804,0.004881207
0.003099668,0.006076941,0.006188120,0.006652453,0.005789929,0.004072428,0.003119583,0.003619607
0.003455249,0.005491162,0.004950241,0.006649843,0.006034715,0.006779611,0.005617499,0.004482755
0.004988815,0.004405116,0.004932998,0.008296074,0.006455361,0.005002231,0.003266954,0.002791529
0.002088719,0.005249358,0.003883124,0.005004992,0.005653052,0.009212579,0.009498697,0.008447373
0.002017657,0.007182120,0.003772650,0.008172213,0.005175660,0.005644736,0.008068753,0.004058580
0.004777746,0.004444610,0.003583966,0.006387013,0.009254089,0.006939255,0.002928576,0.001878301
0.002113873,0.003925587,0.005286673,0.006106763,0.006104678,0.008487030,0.007193418,0.003778947
0.003966455,0.007333598,0.004743617,0.006186616,0.007774772,0.002239568,0.005314427,0.004056875
0.001134792,0.002226870,0.003256808,0.006969763,0.008932750,0.007929442,0.006683846,0.001898773
0.004061154,0.005717867,0.004456801,0.005970737,0.006116256,0.007653051,0.005804333,0.003503374
0.002696964,0.004195888,0.003093857,0.003806245,0.008846395,0.009860076,0.008589734,0.005381914
0.002351117,0.004335635,0.005076908,0.006106767,0.004000548,0.005355001,0.009382278,0.008544950
0.003415776,0.002475274,0.001627428,0.001985918,0.005144972,0.008384373,0.009331452,0.007835561
0.003846417,0.003122369,0.005181489,0.006847786,0.007699232,0.005828580,0.004112758,0.004121053
0.004180737,0.002647132,0.004663368,0.009314671,0.004651682,0.006495928,0.006797947,0.005123916
0.005953615,0.007047429,0.005883536,0.003669950,0.004490492,0.004022586,0.007606137,0.008207246
0.002084469,0.004922036,0.004140999,0.007369298,0.009727426,0.011179912,0.005268824,0.001797486
0.002517440,0.005746675,0.006854974,0.005596167,0.005697393,0.002594236,0.006397219,0.007064709
0.001373386,0.003029688,0.005831690,0.007416731,0.008222114,0.005244431,0.004910383,0.001698821
0.005847693,0.007073210,0.005662443,0.005856249,0.005342669,0.004958151,0.002945457,0.002686668
0.003555058,0.005299889,0.006942895,0.009144657,0.010963952,0.009317195,0.004874166,0.002203313
0.002324531,0.003855661,0.002484905,0.009091889,0.006544486,0.007632262,0.006982989,0.004900174
0.003519456,0.003014680,0.003646398,0.005592760,0.007283908,0.009492129,0.007415648,0.004667467
0.003464961,0.003901366,0.008335254,0.007848558,0.004202222,0.004502019,0.003864492,0.002519206
0.002493389,0.003602522,0.005361014,0.005122205,0.009430227,0.006858289,0.004349529,0.001911209
0.002912925,0.002734218,0.007011138,0.005257865,0.007069340,0.007033086,0.007101767,0.005361595
0.005295244,0.006012161,0.002558273,0.005930852,0.004489544,0.008705742,0.012853373,0.007083972
0.002099099,0.004492163,0.003731171,0.008407362,0.008574977,0.004993633,0.004118935,0.004174093
0.001839171,0.002983859,0.003570221,0.007035315,0.005317012,0.006452052,0.003405183,0.001813035
0.002417797,0.003745403,0.004552719,0.004839277,0.004143393,0.006672329,0.005108806,0.003377297
0.001895651,0.003599358,0.004367333,0.002012630,0.007200380,0.009484044,0.011335222,0.008647654
0.001133056,0.002449783,0.004158344,0.005867613,0.006374920,0.008103641,0.007829670,0.004642173
0.001840826,0.006103226,0.006198621,0.004893443,0.004033909,0.008917739,0.008524719,0.004831083
0.004300656,0.005007359,0.003066173,0.004513298,0.007847060,0.010284758,0.006295908,0.002321546
0.003886947,0.005273398,0.006633094,0.006363369,0.003847295,0.005806542,0.004769220,0.002319388
0.004256202,0.003873216,0.004224894,0.008990064,0.010605309,0.007490884,0.006016210,0.004351306
0.002110595,0.007035293,0.008366893,0.008868710,0.005968193,0.002568919,0.002267447,0.002777061
0.002662276,0.002505400,0.005625027,0.005622687,0.006225790,0.010196450,0.005377296,0.004707469
0.001615910,0.002700021,0.002761602,0.008214529,0.008353569,0.007184277,0.006454727,0.001529447
0.004105666,0.008560503,0.005912724,0.003257025,0.004790238,0.006334428,0.003992141,0.002423300
0.005307689,0.003987550,0.004051170,0.005805153,0.006473032,0.006666580,0.006097657,0.007432018
0.005696645,0.007030988,0.005283587,0.002101738,0.006049755,0.007182268,0.009677401,0.004019104
0.004891525,0.003918571,0.003004135,0.006807059,0.009868573,0.005040848,0.005966110,0.005601702
0.003597964,0.006016027,0.005561893,0.005629129,0.003933444,0.007172308,0.005361557,0.001300706
0.001840359,0.005931434,0.004930900,0.007465973,0.008266717,0.005251058,0.002840264,0.002539550
0.004914941,0.007573168,0.007594427,0.005713247,0.003361169,0.002743628,0.002346511,0.001671761
0.002874470,0.005522513,0.004719875,0.005453188,0.006419489,0.006677010,0.007251765,0.002251921
0.004792317,0.007167706,0.007178519,0.005369978,0.002601247,0.005051734,0.001972215,0.002439641
0.001035164,0.001551342,0.004039486,0.007905134,0.006248899,0.007433564,0.007286115,0.002285632
0.006290369,0.006610920,0.005171877,0.004617548,0.005795720,0.003452608,0.003459915,0.002179562
0.000782228,0.001585642,0.002819072,0.005879203,0.008285231,0.008024140,0.007070770,0.005587017
0.004454732,0.007486054,0.006486179,0.005284271,0.004354727,0.004446432,0.002139559,0.002286429
0.001803173,0.004724263,0.005355979,0.006105155,0.007583118,0.005946548,0.003708070,0.005780913
0.000700902,0.003103024,0.003036344,0.004314390,0.008159622,0.010335866,0.007610273,0.003963403
0.003167184,0.007372959,0.006967585,0.003782190,0.006372091,0.003904991,0.005725524,0.005979046
0.006043575,0.005725203,0.005329103,0.004699106,0.007337718,0.004942510,0.005809412,0.002511792
0.006632980,0.006602507,0.004706058,0.005016805,0.004761400,0.004763242,0.004462444,0.002100113
0.001410187,0.001606586,0.003981029,0.007398078,0.009338243,0.007405204,0.002805502,0.002993495
0.003365332,0.002023264,0.005014130,0.007504270,0.008687978,0.005259390,0.005075820,0.004552016
0.001614237,0.003164725,0.004918488,0.009747278,0.006811521,0.004928461,0.004621745,0.003430157
0.004323158,0.004132169,0.005406874,0.006196616,0.005786262,0.004832212,0.007869560,0.006529858
0.001875759,0.004535239,0.003735741,0.006522294,0.007074217,0.007043609,0.007869604,0.004557758
0.001217783,0.001679679,0.003479410,0.005352140,0.007726741,0.008058724,0.008656747,0.006613666
0.004716508,0.005802275,0.003801617,0.007326969,0.005675017,0.005026866,0.007064707,0.008997258
0.002705594,0.002450669,0.004586546,0.009677401,0.007325033,0.005271426,0.004381208,0.002664791
0.002527377,0.002482046,0.003089739,0.009206745,0.007104524,0.006819690,0.005551031,0.004463205
0.002989935,0.005293238,0.006988694,0.008282574,0.008330724,0.004257267,0.005160853,0.003284323
0.001335833,0.005406034,0.004414539,0.004287523,0.007719440,0.008858528,0.005479229,0.006290842
0.000978301,0.003021717,0.003764097,0.006095338,0.007426599,0.008353072,0.007061202,0.003537875
0.004553877,0.005985391,0.005505198,0.003917280,0.005243351,0.006583355,0.006942924,0.005693823
0.002902609,0.001877676,0.002254664,0.004547180,0.008103293,0.012133298,0.008264466,0.002974820
0.000732163,0.003636741,0.005593356,0.007534335,0.006787173,0.006985608,0.004341692,0.002338366
0.001217950,0.005031141,0.004444030,0.009682892,0.008181902,0.004751171,0.002945845,0.002701640
0.001868761,0.003213133,0.003152344,0.008437172,0.007349548,0.007864127,0.005602977,0.003904150
0.003810584,0.005893147,0.003658837,0.004813033,0.005708459,0.009278801,0.005803957,0.005861172
0.002213747,0.004359157,0.005447982,0.007311871,0.005280771,0.007803364,0.006974061,0.001430352
0.004655639,0.004714724,0.004890444,0.006741019,0.008271153,0.004000923,0.004952034,0.002578601
0.001995000,0.002556638,0.004464538,0.005589112,0.009131606,0.004941984,0.006988796,0.003212437
0.001922531,0.004191663,0.001997903,0.004929895,0.008320959,0.010058697,0.009409026,0.004060732
0.002073945,0.006076107,0.005029838,0.005434593,0.005412109,0.008269620,0.008493287,0.005013304
0.002511317,0.002416404,0.003382853,0.005927897,0.007826190,0.007960265,0.006635484,0.004575253
0.001342792,0.002727421,0.003767067,0.004345450,0.005745867,0.011594950,0.008976861,0.006628376
0.003079584,0.005202846,0.002810029,0.002824664,0.006353165,0.012526581,0.010522565,0.005349393
0.001669015,0.004027471,0.006569375,0.005359148,0.008845917,0.004292201,0.003682105,0.003609925
0.003356345,0.005186102,0.006819228,0.003749519,0.003732216,0.008428049,0.009925607,0.003718325
0.001153352,0.003982349,0.005080518,0.005099678,0.006832981,0.007332443,0.008557084,0.004732636
0.000660287,0.004825689,0.005218988,0.007166417,0.004857676,0.005974210,0.007345879,0.006801302
0.001932085,0.003598065,0.006850515,0.008139046,0.004521683,0.004112441,0.005036459,0.004185835
0.002357808,0.003928367,0.007001865,0.008587085,0.003993358,0.007317360,0.004603510,0.004098127
0.002637889,0.004601925,0.006141373,0.006236330,0.005986618,0.006248731,0.003637548,0.002214696
0.004250834,0.004050970,0.007697482,0.009450517,0.006231906,0.002992203,0.002199234,0.001716439
0.003121840,0.005240387,0.006700206,0.006911569,0.009519487,0.005675208,0.002071990,0.002197024
0.002868135,0.005470683,0.005847287,0.004489238,0.004911555,0.006414021,0.010585973,0.007950199
0.006880953,0.006297242,0.006063562,0.004418386,0.005720300,0.006198737,0.002716863,0.002186085
0.002991985,0.003655120,0.003399290,0.005670278,0.010234006,0.008983574,0.003204988,0.003497238
0.001917484,0.002193403,0.002415039,0.005791164,0.010332446,0.009010024,0.005693409,0.003688580
0.001609297,0.002005424,0.003145302,0.009479300,0.009807533,0.004429047,0.003840605,0.002293520
0.002578593,0.005803182,0.004030287,0.004141737,0.008138137,0.007176023,0.007578813,0.005652908
0.005011287,0.005472284,0.005245975,0.005912446,0.006560389,0.005914400,0.003269845,0.001589116
0.002313933,0.004852511,0.005374825,0.005888236,0.008565932,0.005704132,0.005217652,0.002225237
0.002194128,0.007438766,0.006055268,0.005186387,0.004771365,0.004792535,0.009654673,0.007481932
0.002026124,0.003581735,0.008318182,0.007332108,0.007086624,0.004298678,0.002901993,0.001964667
0.001759597,0.004399363,0.005727712,0.006460397,0.006605263,0.008312753,0.003438071,0.002240712
0.002405604,0.007282573,0.006103611,0.004769165,0.006685043,0.006119781,0.004265768,0.004292558
0.002583543,0.005917867,0.004978153,0.005883027,0.008247975,0.004096188,0.003668749,0.004606858
0.004546357,0.006015942,0.007472306,0.007051655,0.003413619,0.002694584,0.002291711,0.002547666
0.003398203,0.004759236,0.001160571,0.005011278,0.008877584,0.009616509,0.007150136,0.005714309
0.002041379,0.004714556,0.005791578,0.006045094,0.005046746,0.003054796,0.004790040,0.004243588
0.004219680,0.007383780,0.006802380,0.004826549,0.002194122,0.006258018,0.005647745,0.005140100
0.005273614,0.008244398,0.007624060,0.007166327,0.004019084,0.006036356,0.006561436,0.006099990
0.002672568,0.002823209,0.003932606,0.009435645,0.008575704,0.007066618,0.002095620,0.001588015
0.003224989,0.007956795,0.004688597,0.002565089,0.004576087,0.008255510,0.004958865,0.003452942
0.001314856,0.002313343,0.005320980,0.006828711,0.008756943,0.006008125,0.005225714,0.002508416
0.001403371,0.006112509,0.004970830,0.004070476,0.006628339,0.009228601,0.006039003,0.004136502
0.002282111,0.002766513,0.002481382,0.003865172,0.010009183,0.008559691,0.005832808,0.003918339
0.004309041,0.003376060,0.002536977,0.005513182,0.008390077,0.009041910,0.009046304,0.006117951
0.003572852,0.006092077,0.004646360,0.003352396,0.007061137,0.009705833,0.005314181,0.005757674
0.000719546,0.003158509,0.004754523,0.006441775,0.008663445,0.008564961,0.006430407,0.004319004
0.002771196,0.006017609,0.003985573,0.003385799,0.003488592,0.010629945,0.009780673,0.009964499
0.005368594,0.005598034,0.004540757,0.005743188,0.005761066,0.004876665,0.005511479,0.005268456
0.003842640,0.007810903,0.004310071,0.003895983,0.005955058,0.007520506,0.007905905,0.006058860
0.003171296,0.005649113,0.005312174,0.006272400,0.007974808,0.003392676,0.002665553,0.004166520
0.003928840,0.006031766,0.005627905,0.007144366,0.004309242,0.003223049,0.004322652,0.003096304
0.001736041,0.003861617,0.005179240,0.006271428,0.009409353,0.008583324,0.003125421,0.002058950
0.002579794,0.004915509,0.004611121,0.007866684,0.006513927,0.005992025,0.003206292,0.005098536
0.002209556,0.006455560,0.008367549,0.004202931,0.004629469,0.004774164,0.003550182,0.003304356
0.001718105,0.003752209,0.002485218,0.005410990,0.007250948,0.009268238,0.008630076,0.004966128
0.002491561,0.004304762,0.004118535,0.004984335,0.008536298,0.010225692,0.004718246,0.002024138
0.005370463,0.004569518,0.003934243,0.007631723,0.008293152,0.004033301,0.004189990,0.004000662
0.005170029,0.006153449,0.004387504,0.006766088,0.003557585,0.006180436,0.005094511,0.003308023
0.000788627,0.001503501,0.002816850,0.007483307,0.009380836,0.008528390,0.003584607,0.001850264
0.003603367,0.001783846,0.002650308,0.005757284,0.011441102,0.009756878,0.005050888,0.001619494
0.004531097,0.005137903,0.002814792,0.004043264,0.006504276,0.009973362,0.009946362,0.009149827
0.001399647,0.001975095,0.002748725,0.006819462,0.004954944,0.005115780,0.005521782,0.004311270
0.001797918,0.003066005,0.003951586,0.006528723,0.010789220,0.007401782,0.001900662,0.002260194
0.003955721,0.006568793,0.008102704,0.005975372,0.003639706,0.002671776,0.003282083,0.004488356
0.003086336,0.006237045,0.005521904,0.004664066,0.007715981,0.005706057,0.003850163,0.002606525
0.005597322,0.004093590,0.002373957,0.002128281,0.008417431,0.011628408,0.011164091,0.007878811
0.005128865,0.006765023,0.004650359,0.004465649,0.006445309,0.006686749,0.004200906,0.001484599
0.001807959,0.001812296,0.003038836,0.005940995,0.009422044,0.007593955,0.008684313,0.006959654
0.002725589,0.006131237,0.006194417,0.004226184,0.004952108,0.007831466,0.006037111,0.003247652
0.003394173,0.006022433,0.005900790,0.006838485,0.005101806,0.003266208,0.007484779,0.003493964
0.003337564,0.005112330,0.004820858,0.004371763,0.007180236,0.008603694,0.007554587,0.007300563
0.002965440,0.005274854,0.005549854,0.004695784,0.006634533,0.006618033,0.005419869,0.003354301
0.001489678,0.001140926,0.002781337,0.006171817,0.005782580,0.008371506,0.009953055,0.008604348
0.003017469,0.004970593,0.004891114,0.008864339,0.005390432,0.005146751,0.003597864,0.002731166
0.002813399,0.004140260,0.005360627,0.005766364,0.007012701,0.007755697,0.004707648,0.002291364
0.002693096,0.003161422,0.004821800,0.003034507,0.006251802,0.005720524,0.004880428,0.002203681
0.005640081,0.003916854,0.004550340,0.006639983,0.006587138,0.008782976,0.003400649,0.001738053
0.002153573,0.003263172,0.004487003,0.008053132,0.008621587,0.006875060,0.003257600,0.002572021
0.001940171,0.004858448,0.004824189,0.005107207,0.006510624,0.008308343,0.007756277,0.001602019
0.001649335,0.004500095,0.003794153,0.005103171,0.006158757,0.009783283,0.010673336,0.006570850
0.002258845,0.002483078,0.005563818,0.004494473,0.004804367,0.004941697,0.006287126,0.005593200
0.003853100,0.003865643,0.005168856,0.007739389,0.006820124,0.005083762,0.004549798,0.004009274
0.006816925,0.009152165,0.006322339,0.002416558,0.002062802,0.003361540,0.003468871,0.002260856
0.005425222,0.004652078,0.005451144,0.003641496,0.003438158,0.005698008,0.006230280,0.004787934
0.003810406,0.005663362,0.005958692,0.006431556,0.005119224,0.003662576,0.005035261,0.003947889
0.001081375,0.005007611,0.006823818,0.006916192,0.004571098,0.007154560,0.006618853,0.002539370
0.003284045,0.004104077,0.002643126,0.006863049,0.009069844,0.007623576,0.005084930,0.003158824
0.005160827,0.004749311,0.004869253,0.003923523,0.006828360,0.009179324,0.007479742,0.004712091
0.003725830,0.002299304,0.005570497,0.008573339,0.006216153,0.006279391,0.006322152,0.003517745
0.004799879,0.005362175,0.004577327,0.007174655,0.003773468,0.009391467,0.006190788,0.002291479
0.003851149,0.004489751,0.005358225,0.004845479,0.005311841,0.007439290,0.009313350,0.011782556
0.001794149,0.004617296,0.005103165,0.004308498,0.004240237,0.009025544,0.012107075,0.008661008
0.001319775,0.002486626,0.003614797,0.006480996,0.007342148,0.006894496,0.008373029,0.005089413
0.005906540,0.007010964,0.003714876,0.005158787,0.006181498,0.007900484,0.003410880,0.002284712
0.006631983,0.006533634,0.003353451,0.004158477,0.004316432,0.006932184,0.011437779,0.010309708
0.003946858,0.004440506,0.004448281,0.004919656,0.006752400,0.008285183,0.005214947,0.002430011
0.004608129,0.005154958,0.004062457,0.003700135,0.006858553,0.008812480,0.010296630,0.006438259
0.004888770,0.005925772,0.003095296,0.004709203,0.008330534,0.007929612,0.005314437,0.005585452
0.002082617,0.004168522,0.003356384,0.003724840,0.009013966,0.009417510,0.008061520,0.005158746
0.004176455,0.005216290,0.005123371,0.006130007,0.004388176,0.009460254,0.005451460,0.005954135
0.003557792,0.002849369,0.006014331,0.009569848,0.005434912,0.003274384,0.005127620,0.003860344
0.002543069,0.002273811,0.005607209,0.005383929,0.005694437,0.009812974,0.007670853,0.003944811
0.005986834,0.004970406,0.001872494,0.004820471,0.008148164,0.004105645,0.004287747,0.004506893
0.003345423,0.007843252,0.006827414,0.006725090,0.004197829,0.005524818,0.003149918,0.001978487
0.003464219,0.005442108,0.004448999,0.004661119,0.005362588,0.007730167,0.009936470,0.004033538
0.001651701,0.001836617,0.005840525,0.007719055,0.008349610,0.005800331,0.003582078,0.003866166
0.002699365,0.003348729,0.007760153,0.008344495,0.005314353,0.003969383,0.003836857,0.006712759
0.003362412,0.005287771,0.004681106,0.003755853,0.007111847,0.008926271,0.005722214,0.005729478
0.001896010,0.003184829,0.002611075,0.011272776,0.009407840,0.004070599,0.003498141,0.002988352
0.001652960,0.002921665,0.002345399,0.005711055,0.008345368,0.008926395,0.007401464,0.004912747
0.000700980,0.002433158,0.002935874,0.005199104,0.010565307,0.009174220,0.004925653,0.002707511
0.001475124,0.005472384,0.002391928,0.004720115,0.007445582,0.004601709,0.005181641,0.004621066
0.003917469,0.008237376,0.006753281,0.003589496,0.005615786,0.003453965,0.003644976,0.001547652
0.002501261,0.003604984,0.003480773,0.009764849,0.008642955,0.003030084,0.004158919,0.001938977
0.001461399,0.004778886,0.005419180,0.006402724,0.006712138,0.007598716,0.005914038,0.004833032
0.002243639,0.006903323,0.006175878,0.007540942,0.005168471,0.003196528,0.005524958,0.007710438
0.003462024,0.005395822,0.003057592,0.007738645,0.008588340,0.004343808,0.005455042,0.004168484
0.002806243,0.003729077,0.004394825,0.008523803,0.005066535,0.008158295,0.004845567,0.003558999
0.005033889,0.004314562,0.002819736,0.003858567,0.008709696,0.008167521,0.008212824,0.005417510
0.001808076,0.005917879,0.005690058,0.006871628,0.007790344,0.003444700,0.004119737,0.002458888
0.001183766,0.003801488,0.005335951,0.005764375,0.008533673,0.008327266,0.002240695,0.001242411
0.002645752,0.003728309,0.003134569,0.006697147,0.009942433,0.007419825,0.005360492,0.005190844
0.001817871,0.002094205,0.002568102,0.004260711,0.007491283,0.010290126,0.006559177,0.005495633
0.002484139,0.004851772,0.003854231,0.006816013,0.007910300,0.004103639,0.006571016,0.004742494
0.002692626,0.004758691,0.005628292,0.009219930,0.008267998,0.003906915,0.002536556,0.003147074
0.003720146,0.005385796,0.002228132,0.005268963,0.004430257,0.006203283,0.004997221,0.005100285
0.003013639,0.005659569,0.006259939,0.005276403,0.006218516,0.003954682,0.008391035,0.007334469
0.003225133,0.006428537,0.004511688,0.003771105,0.005424457,0.007655903,0.010738722,0.007416053
0.002977156,0.005563479,0.005332157,0.007335160,0.004346515,0.004910087,0.005172691,0.004691810
0.003096776,0.007498841,0.004902318,0.004523220,0.003269351,0.006517225,0.008943462,0.003077453
0.003655174,0.005765852,0.004168282,0.005884451,0.006808503,0.006287580,0.006247588,0.006193295
0.001255836,0.005490646,0.006335325,0.006548698,0.005005732,0.008909159,0.005220961,0.002763822
0.003742554,0.005001500,0.005984310,0.004122419,0.005786287,0.006964568,0.004726322,0.003472395
0.002601831,0.006237438,0.003554737,0.006334545,0.006674621,0.006500154,0.005514232,0.007735030
0.004264190,0.003022925,0.003210848,0.003458129,0.009392926,0.011660926,0.005867519,0.003683770
0.002704729,0.005135571,0.006228319,0.008046685,0.005136789,0.005138981,0.005743569,0.003742079
0.003538700,0.007309822,0.006795113,0.006816598,0.006025727,0.002748838,0.002147578,0.001832208
0.001331869,0.002738001,0.003433413,0.006889498,0.008187323,0.008693167,0.004420958,0.003874090
0.001176939,0.003824986,0.007617116,0.005762592,0.008673418,0.005658063,0.004015553,0.004256081
0.003326346,0.003801759,0.004252859,0.003239867,0.009063424,0.010855210,0.005711728,0.003714657
0.005694397,0.007792428,0.003263404,0.008288754,0.002608343,0.005992556,0.006612515,0.005643072
0.002412385,0.002012002,0.003915193,0.005309170,0.008013548,0.008212912,0.008168824,0.007455704
0.006304678,0.006388429,0.005163270,0.005216458,0.005055532,0.004177488,0.004019248,0.001440244
0.004328764,0.005740034,0.003937494,0.004062192,0.010167989,0.012300139,0.010301519,0.003073283
0.004509986,0.005149490,0.005475987,0.006168001,0.003994080,0.007583563,0.005559264,0.001695525
0.002987972,0.002524701,0.003125999,0.003325702,0.009265315,0.003053839,0.003830075,0.004427045
0.002027301,0.002590440,0.003991627,0.004610427,0.007154581,0.007659946,0.009904533,0.002318930
0.006169768,0.003777554,0.002494008,0.005443312,0.006451254,0.007027327,0.005432361,0.003049116
0.005722723,0.006850803,0.002745760,0.005353094,0.008161403,0.005841977,0.003662927,0.001897384
0.002488834,0.004143611,0.002540384,0.006669573,0.009667782,0.007594588,0.005820387,0.004399880
0.002458445,0.003254147,0.003096983,0.004015393,0.004783064,0.007903307,0.007936481,0.003683301
0.001107076,0.003206656,0.005564940,0.006412456,0.008449754,0.006691187,0.005862644,0.006407769
0.005142656,0.004127757,0.005145463,0.004878316,0.004696891,0.006502706,0.007398302,0.003106049
0.002135802,0.003406029,0.001997384,0.003824911,0.008891204,0.008733102,0.010933706,0.004534246
0.002638472,0.005954469,0.006990486,0.009964393,0.003996215,0.003939599,0.003581439,0.003008991
0.002530508,0.006276065,0.004164010,0.002577283,0.009587169,0.010377160,0.003214539,0.003377073
0.002375618,0.003438546,0.004036467,0.004723504,0.003959202,0.006658143,0.005461299,0.005858560
0.003037737,0.006285628,0.008399013,0.005705219,0.006169331,0.008228151,0.004041243,0.003315355
0.003216713,0.004414896,0.004896151,0.008258146,0.007713722,0.004484996,0.003474787,0.001951786
0.004870660,0.007602450,0.003153105,0.003901765,0.006969072,0.008604162,0.007176705,0.004046806
0.005256527,0.006841465,0.005318641,0.003305087,0.007259604,0.005249021,0.003277918,0.005193806
0.004130329,0.003650562,0.004694243,0.004316082,0.005036811,0.007803726,0.010596863,0.011476201
0.002287517,0.003215466,0.006638166,0.006719373,0.005617498,0.005161897,0.005547665,0.003323879
0.001297239,0.003002714,0.003432662,0.009660902,0.010631073,0.002733911,0.003188706,0.004877253
0.001268982,0.001573583,0.001850480,0.007094118,0.007831422,0.009087285,0.006710590,0.004397814
0.001810594,0.005671684,0.002561181,0.003540354,0.006308411,0.009970144,0.010554049,0.005365410
