11.0,12.0,13.0,13.0,14.0,15.0,18.0,-1.0,10.0,4.0,10.0,11.0,6.0,2.0,18.0,18.0,4.0,1.0,15.0,11.0,16.0,2.0,17.0,5.0,7.0,3.0,17.0,1833.423872,1700.534834,1.756,0.017620954545454547,5360.885454545455
8.0,9.0,10.0,22.0,23.0,24.0,17.0,9.0,13.0,20.0,2.0,1.0,12.0,5.0,13.0,14.0,11.0,13.0,8.0,10.0,11.0,20.0,8.0,4.0,8.0,15.0,20.0,733.2470668,667.7087518,1.8066,0.01911241558441558,5935.023636363636
13.0,14.0,15.0,7.0,8.0,9.0,-1.0,8.0,0.0,6.0,14.0,3.0,10.0,-1.0,8.0,20.0,14.0,12.0,5.0,12.0,2.0,15.0,17.0,19.0,5.0,8.0,15.0,655.1083223,1321.366537,2.2269,0.020602954545454546,3873.443636363636
15.0,16.0,17.0,18.0,19.0,20.0,4.0,4.0,13.0,-1.0,1.0,17.0,11.0,20.0,2.0,16.0,11.0,7.0,2.0,10.0,4.0,11.0,4.0,17.0,4.0,4.0,1.0,890.2763707,975.4187277,1.3665,0.015562831168831169,7570.388181818183
8.0,9.0,10.0,10.0,11.0,12.0,17.0,8.0,19.0,9.0,18.0,9.0,7.0,2.0,4.0,0.0,-1.0,8.0,7.0,20.0,7.0,20.0,12.0,9.0,14.0,0.0,10.0,1387.83611,1493.933504,2.0251,0.019772493506493502,4569.138181818182
21.0,22.0,23.0,5.0,22.0,23.0,0.0,13.0,8.0,4.0,1.0,19.0,0.0,3.0,10.0,13.0,13.0,12.0,16.0,2.0,2.0,16.0,8.0,6.0,13.0,6.0,2.0,669.6921951,1099.506004,1.9852,0.023521168831168837,4346.892727272727
11.0,12.0,13.0,19.0,20.0,21.0,6.0,15.0,16.0,7.0,11.0,4.0,11.0,6.0,15.0,8.0,7.0,-1.0,20.0,17.0,1.0,5.0,-1.0,20.0,3.0,8.0,15.0,1794.962381,1459.116553,1.4231,0.014736935064935059,7383.991818181818
22.0,23.0,24.0,19.0,20.0,21.0,15.0,1.0,17.0,10.0,16.0,10.0,12.0,0.0,19.0,10.0,15.0,0.0,1.0,10.0,6.0,5.0,7.0,3.0,11.0,19.0,14.0,1261.384518,701.9932384,1.1408,0.013115818181818189,8257.900909090911
9.0,10.0,11.0,5.0,22.0,23.0,19.0,3.0,17.0,10.0,7.0,15.0,11.0,13.0,6.0,17.0,19.0,10.0,7.0,9.0,-1.0,18.0,11.0,5.0,9.0,6.0,19.0,1847.053705,1771.757414,2.0303,0.024854077922077923,4475.110000000001
16.0,17.0,18.0,13.0,14.0,15.0,7.0,7.0,18.0,1.0,8.0,2.0,8.0,6.0,16.0,12.0,8.0,7.0,2.0,1.0,-1.0,12.0,7.0,0.0,3.0,1.0,0.0,1525.158,671.1931,1.6727,0.01778125,5510.718181818182
7.0,8.0,9.0,12.0,13.0,14.0,6.0,0.0,15.0,20.0,11.0,1.0,4.0,5.0,12.0,20.0,7.0,15.0,13.0,15.0,-1.0,11.0,10.0,5.0,1.0,12.0,11.0,1872.521873,1253.278781,1.9766,0.02151244155844155,4829.266363636363
17.0,18.0,19.0,18.0,19.0,20.0,3.0,1.0,20.0,14.0,2.0,19.0,0.0,12.0,0.0,1.0,6.0,1.0,11.0,5.0,6.0,3.0,3.0,13.0,15.0,7.0,18.0,1300.479399,1031.706331,1.3095,0.016318025974025974,7470.9
18.0,19.0,20.0,15.0,16.0,17.0,10.0,16.0,10.0,7.0,9.0,15.0,12.0,7.0,1.0,8.0,14.0,7.0,16.0,8.0,12.0,-1.0,10.0,9.0,6.0,11.0,10.0,1325.770582,632.9258401,1.4521,0.014702519480519472,6759.098181818184
18.0,19.0,20.0,22.0,23.0,24.0,1.0,0.0,8.0,13.0,8.0,9.0,9.0,13.0,9.0,16.0,14.0,11.0,18.0,9.0,1.0,18.0,20.0,19.0,12.0,0.0,16.0,761.5924192,1580.950375,1.5226,0.015784935064935057,6108.337272727272
16.0,17.0,18.0,19.0,20.0,21.0,15.0,11.0,12.0,10.0,18.0,3.0,10.0,8.0,2.0,1.0,18.0,18.0,0.0,12.0,20.0,3.0,18.0,9.0,0.0,12.0,19.0,986.0820972,1137.282002,1.2674,0.015560318181818184,8095.240909090909
20.0,21.0,22.0,14.0,15.0,16.0,16.0,13.0,11.0,12.0,0.0,15.0,0.0,19.0,2.0,10.0,20.0,13.0,7.0,2.0,14.0,14.0,14.0,0.0,7.0,1.0,5.0,1831.98814,1393.193146,1.5112,0.01417485714285714,5909.301818181818
13.0,14.0,15.0,15.0,16.0,17.0,12.0,0.0,2.0,17.0,20.0,17.0,19.0,0.0,2.0,9.0,2.0,6.0,12.0,8.0,19.0,15.0,8.0,19.0,9.0,2.0,12.0,1522.090986,1538.86045,1.5536,0.015062259740259735,6195.651818181816
21.0,22.0,23.0,5.0,22.0,23.0,18.0,19.0,19.0,8.0,-1.0,17.0,1.0,14.0,3.0,12.0,19.0,13.0,19.0,10.0,5.0,8.0,12.0,7.0,16.0,12.0,13.0,1121.626194,1073.547749,1.9174,0.027347428571428568,4739.395454545455
14.0,15.0,16.0,15.0,16.0,17.0,8.0,2.0,19.0,15.0,-1.0,12.0,8.0,6.0,3.0,9.0,-1.0,15.0,14.0,16.0,4.0,5.0,-1.0,9.0,5.0,11.0,2.0,1753.573259,1739.635669,1.5001,0.014310259740259736,6442.478181818183
19.0,20.0,21.0,13.0,14.0,15.0,14.0,18.0,15.0,12.0,15.0,16.0,20.0,14.0,19.0,3.0,-1.0,17.0,8.0,18.0,12.0,15.0,5.0,6.0,7.0,0.0,7.0,1130.742343,816.9854933,1.642,0.01700945454545454,5377.606363636365
19.0,20.0,21.0,18.0,19.0,20.0,18.0,12.0,-1.0,17.0,1.0,4.0,8.0,13.0,4.0,10.0,-1.0,15.0,16.0,17.0,12.0,20.0,11.0,16.0,12.0,17.0,5.0,1166.756958,882.8345709,1.2871,0.01612738636363636,7686.940909090909
13.0,14.0,15.0,17.0,18.0,19.0,2.0,7.0,15.0,15.0,12.0,10.0,10.0,8.0,0.0,6.0,8.0,10.0,4.0,10.0,4.0,9.0,4.0,2.0,4.0,0.0,7.0,990.4217766,1133.906091,1.5088,0.01459168831168831,6343.1618181818185
14.0,15.0,16.0,14.0,15.0,16.0,19.0,7.0,15.0,9.0,3.0,2.0,15.0,19.0,13.0,14.0,14.0,19.0,3.0,13.0,15.0,19.0,19.0,20.0,15.0,10.0,13.0,1347.896246,693.7028503,1.6401,0.016179954545454532,5757.583636363635
15.0,16.0,17.0,22.0,8.0,23.0,13.0,19.0,4.0,0.0,8.0,5.0,4.0,0.0,5.0,4.0,4.0,17.0,4.0,7.0,14.0,18.0,7.0,20.0,2.0,16.0,5.0,805.7959304,1266.090176,1.9382,0.023719142857142852,4436.928181818181
9.0,10.0,11.0,16.0,17.0,18.0,20.0,8.0,5.0,4.0,3.0,14.0,13.0,17.0,17.0,8.0,3.0,-1.0,13.0,2.0,5.0,15.0,8.0,-1.0,6.0,-1.0,4.0,1055.40101,1671.784786,1.7232,0.01632552272727272,5516.589090909092
10.0,11.0,12.0,7.0,8.0,9.0,18.0,20.0,9.0,13.0,17.0,7.0,11.0,17.0,0.0,9.0,9.0,0.0,17.0,4.0,4.0,8.0,3.0,5.0,0.0,9.0,16.0,1452.272096,1676.031908,2.1931,0.020236259740259742,3838.134545454545
17.0,18.0,19.0,18.0,19.0,20.0,18.0,1.0,18.0,0.0,9.0,18.0,2.0,11.0,-1.0,9.0,3.0,10.0,13.0,15.0,17.0,5.0,8.0,15.0,-1.0,10.0,10.0,1649.890699,865.7231119,1.2992,0.015845295454545456,7795.788181818183
20.0,21.0,22.0,16.0,17.0,18.0,18.0,1.0,13.0,16.0,9.0,14.0,11.0,18.0,13.0,14.0,4.0,8.0,19.0,7.0,19.0,3.0,9.0,20.0,18.0,18.0,1.0,1517.222318,1213.832638,1.3889,0.01877911363636364,6666.256363636363
22.0,23.0,24.0,22.0,8.0,23.0,9.0,12.0,18.0,1.0,12.0,12.0,16.0,7.0,20.0,2.0,17.0,7.0,12.0,1.0,12.0,20.0,15.0,5.0,14.0,16.0,13.0,1397.820369,1484.138458,1.8255,0.020786753246753244,4770.8036363636365
12.0,13.0,14.0,11.0,12.0,13.0,-1.0,17.0,13.0,12.0,0.0,1.0,15.0,19.0,8.0,8.0,6.0,6.0,14.0,4.0,17.0,5.0,1.0,-1.0,7.0,15.0,15.0,827.8655585,1643.085486,1.8943,0.019617272727272733,4618.061818181818
13.0,14.0,15.0,17.0,18.0,19.0,2.0,7.0,15.0,15.0,12.0,10.0,10.0,8.0,0.0,6.0,8.0,10.0,4.0,10.0,4.0,9.0,4.0,2.0,4.0,0.0,7.0,1490.421777,786.906,1.4879,0.014576207792207786,6604.653636363637
15.0,16.0,17.0,22.0,8.0,23.0,14.0,-1.0,9.0,0.0,8.0,9.0,18.0,13.0,13.0,4.0,6.0,18.0,0.0,11.0,0.0,20.0,9.0,14.0,14.0,9.0,19.0,696.8417687,1151.179066,1.9648,0.02603166233766235,4320.450909090909
15.0,16.0,17.0,15.0,16.0,17.0,13.0,7.0,16.0,8.0,13.0,14.0,10.0,15.0,20.0,0.0,20.0,5.0,9.0,16.0,7.0,18.0,16.0,3.0,0.0,11.0,1.0,1501.957,833.9918,1.4662,0.015072909090909102,6747.509090909091
13.0,14.0,15.0,16.0,17.0,18.0,18.0,17.0,11.0,1.0,13.0,15.0,11.0,6.0,2.0,4.0,4.0,16.0,16.0,10.0,-1.0,1.0,7.0,2.0,13.0,0.0,12.0,1839.445244,1789.53698,1.493,0.01570368181818181,6239.166363636363
12.0,13.0,14.0,11.0,12.0,13.0,15.0,2.0,13.0,6.0,8.0,18.0,-1.0,17.0,19.0,12.0,18.0,12.0,7.0,6.0,0.0,17.0,19.0,12.0,8.0,19.0,10.0,1404.506829,749.0416258,1.8485,0.019249740259740262,5205.353636363637
15.0,16.0,17.0,18.0,19.0,20.0,14.0,15.0,16.0,9.0,15.0,17.0,8.0,9.0,0.0,20.0,13.0,11.0,1.0,1.0,9.0,10.0,0.0,17.0,-1.0,15.0,17.0,1476.749046,651.278356,1.3317,0.015525766233766237,7664.901818181819
17.0,18.0,19.0,15.0,16.0,17.0,4.0,11.0,11.0,12.0,3.0,0.0,9.0,19.0,20.0,14.0,1.0,12.0,20.0,14.0,1.0,2.0,9.0,19.0,11.0,17.0,13.0,1047.636927,1838.129161,1.485,0.014474337662337673,6183.062727272726
18.0,19.0,20.0,14.0,15.0,16.0,8.0,10.0,1.0,-1.0,4.0,14.0,20.0,1.0,9.0,16.0,5.0,4.0,20.0,17.0,5.0,17.0,2.0,19.0,14.0,8.0,3.0,1233.502932,1697.538416,1.5816,0.017352204545454553,5555.452727272727
13.0,14.0,15.0,12.0,13.0,14.0,19.0,6.0,15.0,7.0,5.0,3.0,15.0,0.0,18.0,-1.0,2.0,11.0,8.0,19.0,15.0,11.0,4.0,10.0,-1.0,16.0,14.0,1492.516821,742.8252156,1.737,0.016877227272727266,5551.599090909091
14.0,15.0,16.0,19.0,20.0,21.0,4.0,1.0,6.0,6.0,10.0,5.0,12.0,11.0,15.0,14.0,17.0,5.0,4.0,12.0,19.0,-1.0,4.0,19.0,14.0,1.0,1.0,750.3291226,1635.182421,1.3306,0.01509779220779221,7615.8445454545445
13.0,14.0,15.0,17.0,18.0,19.0,2.0,7.0,15.0,15.0,12.0,10.0,18.0,8.0,0.0,6.0,8.0,10.0,4.0,10.0,4.0,9.0,4.0,2.0,4.0,17.0,7.0,1450.422,996.906,1.4783,0.014603480519480521,6542.119999999999
14.0,15.0,16.0,10.0,11.0,12.0,13.0,19.0,12.0,1.0,18.0,13.0,13.0,20.0,9.0,20.0,6.0,11.0,19.0,6.0,13.0,18.0,10.0,14.0,3.0,3.0,4.0,1653.730895,739.6682355,1.8881,0.022753022727272722,4647.279090909092
7.0,8.0,9.0,10.0,11.0,12.0,15.0,18.0,13.0,9.0,3.0,14.0,20.0,0.0,4.0,-1.0,7.0,17.0,-1.0,3.0,8.0,15.0,6.0,9.0,14.0,14.0,15.0,1023.79014,1344.868267,2.099,0.019516051948051946,4422.192727272726
20.0,21.0,22.0,18.0,19.0,20.0,1.0,15.0,16.0,11.0,13.0,6.0,2.0,12.0,3.0,8.0,17.0,15.0,20.0,18.0,13.0,0.0,13.0,3.0,2.0,3.0,-1.0,991.2978766,999.7114672,1.2643,0.015610636363636365,7693.99
11.0,12.0,13.0,10.0,11.0,12.0,19.0,1.0,2.0,15.0,-1.0,10.0,5.0,16.0,13.0,2.0,10.0,8.0,16.0,20.0,18.0,6.0,14.0,1.0,12.0,12.0,4.0,1691.667184,1185.121916,1.9249,0.023143590909090905,4583.563636363636
11.0,12.0,13.0,8.0,9.0,10.0,20.0,15.0,5.0,6.0,9.0,9.0,14.0,14.0,3.0,6.0,0.0,15.0,10.0,9.0,17.0,13.0,11.0,0.0,20.0,20.0,2.0,929.2107987,1145.999958,2.1368,0.021432772727272727,3963.044545454545
13.0,14.0,15.0,17.0,18.0,19.0,10.0,15.0,19.0,12.0,6.0,1.0,15.0,13.0,8.0,20.0,11.0,15.0,12.0,18.0,15.0,19.0,4.0,0.0,17.0,20.0,2.0,1111.628695,1612.60399,1.5048,0.014829246753246754,6002.46090909091
7.0,8.0,9.0,12.0,13.0,14.0,-1.0,8.0,13.0,20.0,11.0,8.0,19.0,12.0,7.0,18.0,7.0,4.0,16.0,10.0,17.0,9.0,1.0,5.0,16.0,17.0,14.0,1735.444269,806.6097606,1.8933,0.01955413636363636,5328.422727272727
22.0,23.0,24.0,22.0,8.0,23.0,11.0,10.0,12.0,15.0,0.0,19.0,16.0,0.0,12.0,13.0,1.0,11.0,13.0,1.0,15.0,12.0,6.0,13.0,19.0,0.0,14.0,1239.372855,952.0902943,1.8628,0.025658493506493504,4722.9863636363625
9.0,10.0,11.0,9.0,10.0,11.0,7.0,5.0,9.0,3.0,15.0,20.0,13.0,9.0,16.0,19.0,-1.0,13.0,14.0,0.0,8.0,17.0,20.0,7.0,5.0,2.0,16.0,935.9219832,1407.5341,2.0945,0.01760252272727273,4187.211818181819
8.0,9.0,10.0,17.0,18.0,19.0,12.0,9.0,3.0,0.0,7.0,10.0,0.0,17.0,-1.0,11.0,0.0,19.0,3.0,4.0,12.0,8.0,8.0,9.0,0.0,13.0,15.0,1627.493925,1785.288892,1.6714,0.016332779220779216,5649.868181818183
16.0,17.0,18.0,22.0,8.0,23.0,19.0,9.0,12.0,-1.0,19.0,9.0,4.0,13.0,17.0,11.0,1.0,0.0,10.0,-1.0,7.0,12.0,4.0,14.0,15.0,1.0,17.0,1372.402518,1334.724372,1.8607,0.026189636363636363,4829.107272727273
13.0,14.0,15.0,22.0,23.0,24.0,3.0,13.0,8.0,4.0,5.0,18.0,7.0,12.0,16.0,20.0,19.0,19.0,2.0,3.0,6.0,-1.0,9.0,3.0,17.0,17.0,13.0,970.827502,1363.124754,1.5907,0.014977844155844154,6158.873636363636
15.0,16.0,17.0,10.0,11.0,12.0,18.0,2.0,6.0,2.0,7.0,11.0,11.0,17.0,2.0,4.0,0.0,17.0,18.0,4.0,-1.0,2.0,16.0,10.0,8.0,16.0,-1.0,1041.411651,1461.451843,1.8932,0.021212340909090913,4566.765454545454
15.0,16.0,17.0,14.0,15.0,16.0,-1.0,5.0,20.0,14.0,11.0,19.0,19.0,12.0,6.0,19.0,13.0,13.0,17.0,12.0,11.0,19.0,5.0,7.0,3.0,8.0,20.0,947.9243658,789.2718617,1.6449,0.016667012987012994,5529.982727272727
15.0,16.0,17.0,19.0,20.0,21.0,8.0,10.0,14.0,15.0,5.0,10.0,10.0,1.0,-1.0,8.0,20.0,5.0,5.0,2.0,12.0,1.0,20.0,20.0,17.0,6.0,14.0,776.0204278,1551.798676,1.3013,0.014629954545454538,7824.363636363638
10.0,11.0,12.0,14.0,15.0,16.0,16.0,12.0,2.0,7.0,11.0,20.0,19.0,7.0,5.0,16.0,-1.0,5.0,15.0,8.0,19.0,1.0,13.0,18.0,2.0,19.0,16.0,1392.920711,1280.194697,1.7808,0.016879272727272722,5220.674545454545
8.0,9.0,10.0,12.0,13.0,14.0,1.0,12.0,14.0,1.0,17.0,6.0,17.0,0.0,4.0,12.0,2.0,1.0,11.0,0.0,13.0,13.0,6.0,20.0,14.0,9.0,15.0,1161.165721,741.5850143,1.9708,0.020592522727272737,4935.473636363637
16.0,17.0,18.0,13.0,14.0,15.0,7.0,-1.0,1.0,1.0,5.0,8.0,6.0,3.0,12.0,12.0,5.0,6.0,3.0,13.0,7.0,12.0,0.0,0.0,0.0,2.0,18.0,1527.329,680.0763,1.6733,0.016811116883116876,5446.72
13.0,14.0,15.0,22.0,8.0,23.0,14.0,11.0,-1.0,6.0,-1.0,14.0,6.0,15.0,9.0,8.0,11.0,12.0,6.0,9.0,9.0,7.0,20.0,18.0,20.0,-1.0,0.0,1049.660317,1618.600371,1.9646,0.02573480519480519,4380.511818181819
11.0,12.0,13.0,22.0,23.0,24.0,7.0,5.0,15.0,11.0,8.0,8.0,10.0,0.0,0.0,6.0,0.0,10.0,20.0,12.0,0.0,20.0,5.0,8.0,15.0,15.0,20.0,1591.305028,1049.923305,1.6629,0.02068096103896104,6230.380000000001
10.0,11.0,12.0,13.0,14.0,15.0,3.0,16.0,7.0,16.0,10.0,17.0,11.0,5.0,18.0,20.0,19.0,4.0,1.0,2.0,7.0,20.0,16.0,15.0,11.0,6.0,1.0,1247.398641,1652.305577,1.8441,0.019453204545454548,4877.860909090909
14.0,15.0,16.0,16.0,17.0,18.0,18.0,4.0,14.0,17.0,-1.0,10.0,9.0,6.0,10.0,-1.0,15.0,9.0,0.0,6.0,1.0,9.0,18.0,-1.0,7.0,19.0,2.0,1507.939098,1388.97952,1.472,0.01509620454545455,6532.010909090909
17.0,18.0,19.0,18.0,19.0,20.0,4.0,13.0,10.0,14.0,16.0,4.0,0.0,13.0,4.0,2.0,-1.0,12.0,7.0,2.0,3.0,4.0,1.0,20.0,-1.0,18.0,8.0,1426.520562,1193.230622,1.2991,0.015390545454545457,7633.76090909091
11.0,12.0,13.0,6.0,7.0,8.0,18.0,0.0,16.0,9.0,9.0,16.0,9.0,3.0,12.0,1.0,17.0,10.0,8.0,17.0,15.0,14.0,16.0,-1.0,10.0,14.0,19.0,1010.95476,1575.186865,2.4513,0.02330737662337662,3552.98
7.0,8.0,9.0,17.0,18.0,19.0,6.0,16.0,16.0,9.0,19.0,3.0,17.0,6.0,15.0,4.0,-1.0,12.0,7.0,8.0,0.0,6.0,15.0,18.0,7.0,0.0,5.0,795.7707108,1512.311628,1.7684,0.016794259740259745,5408.964545454545
21.0,22.0,23.0,17.0,18.0,19.0,18.0,1.0,15.0,7.0,2.0,7.0,1.0,7.0,1.0,20.0,11.0,12.0,11.0,14.0,11.0,16.0,16.0,1.0,-1.0,12.0,11.0,859.5922249,1696.734395,1.3653,0.01559768181818182,6478.898181818181
16.0,17.0,18.0,22.0,8.0,23.0,2.0,19.0,12.0,3.0,8.0,5.0,9.0,0.0,16.0,10.0,9.0,17.0,19.0,1.0,17.0,9.0,0.0,4.0,-1.0,7.0,10.0,1252.027828,1283.953972,1.851,0.01967142857142857,4988.044545454544
11.0,12.0,13.0,8.0,9.0,10.0,1.0,5.0,12.0,4.0,7.0,3.0,-1.0,1.0,5.0,17.0,20.0,13.0,8.0,2.0,7.0,4.0,8.0,2.0,7.0,0.0,3.0,788.9758588,1053.9892,2.1716,0.021088659090909092,4009.7690909090907
16.0,17.0,18.0,14.0,15.0,16.0,2.0,1.0,12.0,12.0,19.0,6.0,-1.0,-1.0,6.0,0.0,10.0,4.0,9.0,7.0,5.0,7.0,3.0,4.0,-1.0,-1.0,17.0,888.2406212,1411.338805,1.6199,0.015943181818181818,5494.705454545455
16.0,17.0,18.0,11.0,12.0,13.0,20.0,12.0,1.0,10.0,11.0,14.0,18.0,1.0,18.0,7.0,9.0,14.0,12.0,18.0,16.0,12.0,16.0,19.0,18.0,7.0,17.0,829.2237779,1807.044787,1.8113,0.018342659090909093,4690.862727272726
12.0,13.0,14.0,16.0,17.0,18.0,20.0,19.0,6.0,15.0,7.0,16.0,13.0,18.0,18.0,9.0,15.0,10.0,10.0,16.0,2.0,11.0,0.0,4.0,17.0,1.0,19.0,1310.815122,1010.104788,1.5444,0.016438068181818186,6154.501818181819
13.0,14.0,15.0,13.0,14.0,15.0,5.0,8.0,11.0,-1.0,19.0,11.0,15.0,7.0,20.0,6.0,0.0,10.0,19.0,20.0,7.0,0.0,10.0,5.0,3.0,2.0,18.0,1380.080086,839.5706231,1.7289,0.01710325,5381.805454545454
15.0,16.0,17.0,12.0,13.0,14.0,19.0,12.0,6.0,18.0,9.0,13.0,-1.0,5.0,0.0,18.0,18.0,17.0,16.0,2.0,18.0,1.0,4.0,13.0,16.0,6.0,5.0,1295.080306,892.2255375,1.765,0.02224949999999999,4978.898181818182
21.0,22.0,23.0,15.0,16.0,17.0,3.0,19.0,9.0,15.0,14.0,16.0,19.0,14.0,6.0,18.0,11.0,18.0,15.0,3.0,6.0,7.0,5.0,19.0,9.0,0.0,20.0,1235.050079,1632.920353,1.4173,0.014194831168831178,6445.561818181819
11.0,12.0,13.0,12.0,13.0,14.0,10.0,0.0,17.0,3.0,14.0,5.0,12.0,19.0,4.0,11.0,16.0,12.0,11.0,8.0,-1.0,4.0,-1.0,16.0,19.0,7.0,20.0,1817.254107,1317.550304,1.7733,0.017701376623376622,5312.005454545454
7.0,8.0,9.0,14.0,15.0,16.0,14.0,0.0,4.0,17.0,0.0,15.0,1.0,20.0,1.0,3.0,13.0,18.0,16.0,0.0,12.0,7.0,4.0,6.0,9.0,7.0,10.0,1228.954232,1289.647451,1.8491,0.01757464935064935,5353.403636363637
16.0,17.0,18.0,22.0,8.0,23.0,13.0,19.0,5.0,19.0,3.0,3.0,-1.0,12.0,16.0,11.0,20.0,3.0,19.0,17.0,5.0,12.0,11.0,2.0,6.0,14.0,12.0,1740.020871,1360.302402,1.8704,0.020077142857142863,4693.536363636363
9.0,10.0,11.0,22.0,23.0,24.0,10.0,4.0,2.0,18.0,0.0,2.0,11.0,10.0,4.0,19.0,4.0,0.0,5.0,7.0,13.0,11.0,13.0,17.0,9.0,2.0,19.0,1490.298066,1164.66765,1.7177,0.018002571428571423,6097.783636363637
12.0,13.0,14.0,11.0,12.0,13.0,18.0,14.0,0.0,3.0,12.0,-1.0,2.0,4.0,14.0,17.0,11.0,6.0,11.0,4.0,10.0,0.0,20.0,8.0,7.0,20.0,16.0,1331.601623,1645.046141,1.824,0.017032103896103896,4946.699999999999
12.0,13.0,14.0,22.0,8.0,23.0,4.0,15.0,11.0,5.0,20.0,0.0,12.0,15.0,19.0,4.0,12.0,14.0,17.0,15.0,7.0,16.0,15.0,7.0,19.0,13.0,18.0,1775.171348,796.7304034,1.8956,0.02658987012987013,5040.646363636363
10.0,11.0,12.0,17.0,18.0,19.0,2.0,10.0,4.0,16.0,20.0,7.0,2.0,16.0,19.0,13.0,4.0,17.0,7.0,12.0,10.0,8.0,1.0,0.0,15.0,13.0,2.0,912.1925681,632.7697286,1.6463,0.016100987012987,5848.754545454546
13.0,14.0,15.0,14.0,15.0,16.0,7.0,-1.0,9.0,6.0,3.0,17.0,14.0,7.0,1.0,4.0,8.0,4.0,-1.0,2.0,2.0,0.0,12.0,4.0,4.0,8.0,0.0,1629.122,926.0814,1.6358,0.015117298701298703,5956.329090909091
18.0,19.0,20.0,12.0,13.0,14.0,3.0,10.0,17.0,-1.0,19.0,17.0,2.0,19.0,15.0,10.0,15.0,5.0,16.0,19.0,17.0,14.0,8.0,1.0,11.0,0.0,11.0,1193.628825,1307.679338,1.6966,0.01799954545454546,5256.962727272727
10.0,11.0,12.0,8.0,9.0,10.0,13.0,15.0,18.0,15.0,17.0,11.0,1.0,16.0,13.0,10.0,7.0,7.0,18.0,20.0,0.0,8.0,16.0,17.0,17.0,9.0,14.0,1145.303798,660.1779716,2.0793,0.018559068181818184,4374.056363636363
12.0,13.0,14.0,7.0,8.0,9.0,2.0,15.0,4.0,3.0,9.0,15.0,18.0,8.0,19.0,10.0,10.0,20.0,8.0,14.0,3.0,1.0,12.0,18.0,4.0,0.0,5.0,1674.451256,1547.248633,2.0619,0.019196590909090906,4376.549090909091
12.0,13.0,14.0,14.0,15.0,16.0,5.0,19.0,1.0,14.0,17.0,7.0,3.0,0.0,-1.0,4.0,15.0,10.0,11.0,18.0,2.0,10.0,20.0,3.0,18.0,16.0,13.0,1198.576638,1533.445491,1.6735,0.015259948051948052,5373.429999999999
7.0,8.0,9.0,11.0,12.0,13.0,9.0,11.0,14.0,19.0,7.0,18.0,3.0,10.0,17.0,11.0,1.0,3.0,19.0,11.0,14.0,13.0,6.0,14.0,3.0,16.0,-1.0,718.2327648,928.1606907,2.0854,0.019565870129870135,4594.188181818183
21.0,22.0,23.0,19.0,20.0,21.0,9.0,14.0,10.0,0.0,7.0,4.0,-1.0,14.0,18.0,14.0,1.0,12.0,15.0,11.0,-1.0,6.0,19.0,10.0,18.0,1.0,7.0,1543.543219,1464.892089,1.1578,0.012872704545454545,8148.219090909091
13.0,14.0,15.0,22.0,23.0,24.0,10.0,8.0,8.0,0.0,2.0,4.0,3.0,18.0,11.0,17.0,19.0,16.0,9.0,17.0,13.0,12.0,17.0,1.0,10.0,9.0,1.0,1487.874543,696.4361828,1.5456,0.01610605194805195,6818.752727272728
13.0,14.0,15.0,8.0,9.0,10.0,13.0,0.0,10.0,10.0,6.0,8.0,9.0,13.0,7.0,2.0,20.0,-1.0,17.0,10.0,9.0,4.0,3.0,20.0,8.0,20.0,0.0,1242.859455,1823.292363,2.0426,0.018941204545454546,3918.61
19.0,20.0,21.0,16.0,17.0,18.0,0.0,14.0,7.0,20.0,11.0,-1.0,4.0,16.0,2.0,18.0,8.0,11.0,3.0,-1.0,20.0,14.0,12.0,11.0,17.0,11.0,7.0,1118.28406,1734.973333,1.4207,0.01711231818181818,6335.044545454546
10.0,11.0,12.0,22.0,23.0,24.0,8.0,15.0,19.0,-1.0,8.0,19.0,5.0,2.0,20.0,14.0,11.0,3.0,7.0,8.0,8.0,13.0,15.0,12.0,5.0,-1.0,9.0,1337.597509,682.1559093,1.7006,0.0181624935064935,6255.146363636363
12.0,13.0,14.0,22.0,23.0,24.0,10.0,6.0,16.0,5.0,5.0,10.0,19.0,13.0,15.0,11.0,-1.0,17.0,16.0,5.0,10.0,18.0,18.0,16.0,1.0,20.0,5.0,1087.805569,1585.966108,1.6332,0.01662155844155845,5901.572727272727
13.0,14.0,15.0,16.0,17.0,18.0,9.0,-1.0,9.0,13.0,4.0,10.0,17.0,3.0,10.0,3.0,17.0,20.0,14.0,2.0,14.0,0.0,-1.0,-1.0,10.0,16.0,5.0,1742.343934,1259.274343,1.5207,0.01653483116883117,6189.176363636364
13.0,14.0,15.0,13.0,14.0,15.0,0.0,19.0,16.0,6.0,13.0,16.0,7.0,16.0,20.0,6.0,7.0,18.0,5.0,13.0,1.0,14.0,19.0,3.0,6.0,14.0,12.0,684.2311754,1690.034954,1.7796,0.015902431818181816,4811.675454545454
14.0,15.0,16.0,17.0,18.0,19.0,-1.0,4.0,8.0,5.0,19.0,-1.0,19.0,4.0,18.0,9.0,5.0,19.0,15.0,2.0,12.0,6.0,19.0,0.0,9.0,8.0,6.0,1613.86187,1477.739225,1.4694,0.014931295454545452,6293.024545454545
13.0,14.0,15.0,14.0,15.0,16.0,0.0,0.0,4.0,7.0,3.0,4.0,4.0,6.0,16.0,-1.0,11.0,18.0,5.0,5.0,-1.0,9.0,6.0,6.0,18.0,2.0,1.0,1285.671006,1742.351003,1.671,0.01599747727272728,5455.6563636363635
10.0,11.0,12.0,22.0,8.0,23.0,6.0,0.0,5.0,14.0,14.0,1.0,4.0,1.0,12.0,5.0,9.0,3.0,14.0,9.0,10.0,14.0,0.0,4.0,2.0,13.0,-1.0,858.4436051,1757.362971,2.0928,0.02177612987012986,4180.177272727273
7.0,8.0,9.0,16.0,17.0,18.0,4.0,3.0,15.0,10.0,10.0,18.0,19.0,1.0,14.0,2.0,18.0,8.0,3.0,19.0,-1.0,13.0,7.0,10.0,5.0,11.0,6.0,901.5904583,847.7873325,1.7934,0.017275428571428567,5602.918181818182
13.0,14.0,15.0,10.0,11.0,12.0,11.0,20.0,6.0,6.0,15.0,16.0,1.0,7.0,1.0,12.0,16.0,0.0,2.0,4.0,14.0,-1.0,11.0,3.0,3.0,0.0,8.0,1436.169263,861.6824166,1.8604,0.01793535064935065,5070.318181818182
15.0,16.0,17.0,16.0,17.0,18.0,2.0,11.0,13.0,0.0,12.0,4.0,6.0,9.0,18.0,13.0,8.0,16.0,1.0,14.0,15.0,19.0,1.0,18.0,20.0,10.0,18.0,1723.523325,1677.898208,1.434,0.01703229545454545,6339.415454545455
13.0,14.0,15.0,15.0,16.0,17.0,7.0,5.0,9.0,3.0,16.0,17.0,20.0,17.0,18.0,6.0,20.0,11.0,13.0,11.0,20.0,12.0,2.0,0.0,4.0,19.0,9.0,1081.738559,665.1438969,1.5578,0.015116519480519482,6258.8772727272735
19.0,20.0,21.0,19.0,20.0,21.0,13.0,3.0,1.0,13.0,12.0,1.0,18.0,14.0,4.0,9.0,19.0,-1.0,5.0,0.0,10.0,16.0,16.0,1.0,4.0,15.0,6.0,1408.045562,1397.257627,1.2059,0.014371522727272719,8242.83909090909
12.0,13.0,14.0,19.0,20.0,21.0,5.0,3.0,18.0,9.0,0.0,13.0,9.0,12.0,20.0,15.0,5.0,9.0,1.0,5.0,-1.0,2.0,18.0,0.0,3.0,19.0,17.0,1191.068701,1184.288306,1.3912,0.014716727272727282,7537.291818181818
17.0,18.0,19.0,19.0,20.0,21.0,7.0,14.0,10.0,19.0,9.0,8.0,2.0,6.0,17.0,20.0,7.0,4.0,15.0,4.0,7.0,13.0,-1.0,6.0,12.0,20.0,19.0,908.3583555,1874.600193,1.2509,0.014269522727272726,7902.880000000001
9.0,10.0,11.0,22.0,8.0,23.0,12.0,1.0,14.0,3.0,2.0,0.0,13.0,0.0,13.0,11.0,5.0,9.0,14.0,16.0,0.0,-1.0,12.0,16.0,16.0,3.0,7.0,1003.428047,1069.327176,2.0829,0.023738597402597404,4544.087272727273
10.0,11.0,12.0,8.0,9.0,10.0,5.0,15.0,18.0,11.0,1.0,20.0,11.0,6.0,11.0,16.0,15.0,7.0,20.0,16.0,11.0,5.0,18.0,5.0,0.0,7.0,3.0,867.9634263,1548.269138,2.1974,0.01934256818181818,3949.9790909090907
13.0,14.0,15.0,12.0,13.0,14.0,15.0,18.0,20.0,8.0,1.0,8.0,9.0,15.0,5.0,20.0,9.0,11.0,19.0,16.0,8.0,2.0,-1.0,6.0,1.0,16.0,14.0,1812.49504,1057.024188,1.7472,0.019237840909090913,5268.150000000001
14.0,15.0,16.0,8.0,9.0,10.0,20.0,2.0,3.0,15.0,5.0,7.0,1.0,0.0,3.0,16.0,-1.0,5.0,5.0,15.0,12.0,9.0,10.0,7.0,9.0,17.0,11.0,1724.387826,657.3871632,1.9461,0.02323047727272727,4586.925454545454
13.0,14.0,15.0,14.0,15.0,16.0,7.0,-1.0,9.0,6.0,3.0,-1.0,14.0,7.0,1.0,4.0,8.0,4.0,-1.0,2.0,2.0,0.0,12.0,4.0,4.0,8.0,0.0,1629.122,726.0814,1.6461,0.015083116883116886,5955.4118181818185
8.0,9.0,10.0,15.0,16.0,17.0,11.0,0.0,-1.0,10.0,19.0,2.0,6.0,20.0,18.0,17.0,7.0,10.0,13.0,2.0,13.0,13.0,18.0,5.0,13.0,4.0,17.0,1269.062572,963.941756,1.7681,0.019494701298701293,5706.574545454546
22.0,23.0,24.0,5.0,22.0,23.0,11.0,12.0,11.0,1.0,6.0,16.0,18.0,10.0,7.0,17.0,-1.0,10.0,1.0,10.0,5.0,18.0,8.0,-1.0,3.0,10.0,2.0,1748.20299,993.163741,1.8511,0.02082932467532467,5025.057272727273
22.0,23.0,24.0,19.0,20.0,21.0,1.0,5.0,18.0,20.0,1.0,3.0,19.0,12.0,8.0,7.0,7.0,9.0,13.0,9.0,4.0,3.0,14.0,4.0,8.0,8.0,4.0,1761.266244,671.3192528,1.1398,0.013369931818181824,8234.370909090909
17.0,18.0,19.0,14.0,15.0,16.0,18.0,1.0,10.0,-1.0,4.0,3.0,13.0,3.0,6.0,9.0,13.0,9.0,6.0,-1.0,2.0,16.0,16.0,9.0,14.0,2.0,18.0,1857.209716,784.7354772,1.5783,0.017599681818181827,5876.561818181817
17.0,18.0,19.0,16.0,17.0,18.0,20.0,12.0,0.0,20.0,16.0,6.0,6.0,6.0,11.0,10.0,8.0,14.0,6.0,10.0,20.0,6.0,15.0,5.0,19.0,0.0,18.0,1821.430578,956.9548999,1.4176,0.01796268181818182,6685.339999999999
9.0,10.0,11.0,13.0,14.0,15.0,19.0,9.0,0.0,5.0,17.0,2.0,17.0,16.0,9.0,-1.0,5.0,14.0,11.0,0.0,14.0,8.0,2.0,12.0,5.0,2.0,6.0,1275.780931,1726.150817,1.8646,0.017253246753246756,5030.233636363636
11.0,12.0,13.0,10.0,11.0,12.0,5.0,-1.0,7.0,11.0,3.0,5.0,16.0,16.0,16.0,9.0,2.0,8.0,20.0,12.0,9.0,13.0,19.0,16.0,2.0,3.0,0.0,1214.55017,649.6325236,1.9762,0.021231977272727277,4629.891818181818
19.0,20.0,21.0,17.0,18.0,19.0,1.0,11.0,6.0,20.0,10.0,20.0,10.0,7.0,18.0,4.0,3.0,4.0,4.0,16.0,1.0,17.0,8.0,14.0,19.0,18.0,14.0,1110.863551,1713.281015,1.382,0.014989727272727271,6514.446363636364
11.0,12.0,13.0,12.0,13.0,14.0,11.0,20.0,18.0,3.0,20.0,0.0,12.0,14.0,10.0,12.0,2.0,5.0,2.0,16.0,18.0,12.0,11.0,1.0,13.0,3.0,12.0,1736.928086,720.0779578,1.8253,0.018885499999999996,5274.802727272727
12.0,13.0,14.0,5.0,22.0,23.0,5.0,16.0,17.0,4.0,4.0,2.0,20.0,16.0,19.0,19.0,7.0,1.0,7.0,1.0,18.0,12.0,20.0,12.0,10.0,10.0,7.0,801.6146354,1298.519736,2.0555,0.023170441558441546,4375.970909090909
10.0,11.0,12.0,5.0,22.0,23.0,15.0,5.0,11.0,10.0,4.0,-1.0,12.0,2.0,11.0,18.0,12.0,5.0,-1.0,2.0,17.0,-1.0,8.0,6.0,12.0,9.0,1.0,1849.031682,933.583957,2.0008,0.020984103896103893,4820.623636363636
18.0,19.0,20.0,16.0,17.0,18.0,8.0,4.0,19.0,16.0,19.0,15.0,16.0,18.0,8.0,0.0,15.0,8.0,10.0,11.0,4.0,-1.0,18.0,18.0,3.0,0.0,6.0,1317.873742,1490.150183,1.4384,0.01923397727272727,6344.485454545455
7.0,8.0,9.0,15.0,16.0,17.0,4.0,10.0,0.0,2.0,0.0,-1.0,11.0,18.0,10.0,4.0,8.0,1.0,18.0,18.0,11.0,3.0,12.0,10.0,5.0,7.0,13.0,730.6745981,1485.051004,1.8355,0.01926012987012987,5479.981818181818
12.0,13.0,14.0,8.0,9.0,10.0,17.0,2.0,18.0,16.0,13.0,18.0,15.0,6.0,-1.0,19.0,16.0,8.0,11.0,3.0,7.0,7.0,4.0,5.0,1.0,17.0,-1.0,1642.428019,943.4818269,2.0118,0.025639727272727262,4353.663636363636
14.0,15.0,16.0,19.0,20.0,21.0,4.0,18.0,2.0,2.0,16.0,16.0,4.0,7.0,9.0,10.0,20.0,-1.0,9.0,6.0,16.0,2.0,10.0,20.0,14.0,16.0,17.0,1785.251352,1079.496639,1.2988,0.015908181818181818,8112.455454545454
20.0,21.0,22.0,22.0,23.0,24.0,5.0,0.0,6.0,5.0,5.0,9.0,8.0,1.0,14.0,0.0,1.0,13.0,2.0,3.0,20.0,7.0,14.0,3.0,9.0,10.0,1.0,933.2377895,1655.499321,1.4877,0.019471116883116882,6029.151818181818
16.0,17.0,18.0,22.0,8.0,23.0,17.0,16.0,16.0,14.0,16.0,16.0,18.0,11.0,-1.0,15.0,6.0,19.0,0.0,13.0,9.0,9.0,18.0,8.0,19.0,9.0,9.0,677.6056806,1237.005684,1.9304,0.022344987012987014,4467.918181818181
13.0,14.0,15.0,22.0,23.0,24.0,10.0,18.0,0.0,8.0,2.0,19.0,16.0,11.0,-1.0,0.0,4.0,4.0,14.0,1.0,3.0,12.0,11.0,19.0,9.0,3.0,11.0,1119.478458,1036.980478,1.5744,0.01636807792207793,6494.567272727273
8.0,9.0,10.0,15.0,16.0,17.0,20.0,9.0,0.0,7.0,20.0,13.0,14.0,13.0,6.0,15.0,16.0,11.0,13.0,20.0,3.0,19.0,10.0,20.0,0.0,12.0,8.0,1574.681557,1007.671126,1.6981,0.017089090909090908,5985.384545454545
9.0,10.0,11.0,8.0,9.0,10.0,-1.0,19.0,4.0,11.0,10.0,13.0,8.0,16.0,17.0,6.0,10.0,14.0,3.0,1.0,16.0,10.0,12.0,11.0,20.0,14.0,19.0,1750.478255,915.9273525,2.1068,0.023101318181818178,4258.187272727273
19.0,20.0,21.0,22.0,23.0,24.0,9.0,12.0,6.0,8.0,16.0,13.0,17.0,3.0,16.0,6.0,9.0,7.0,11.0,-1.0,19.0,8.0,17.0,17.0,-1.0,10.0,2.0,781.4555805,770.8175829,1.5013,0.01765493506493506,6438.37090909091
15.0,16.0,17.0,9.0,10.0,11.0,12.0,20.0,17.0,14.0,14.0,9.0,6.0,7.0,16.0,10.0,20.0,4.0,12.0,13.0,10.0,4.0,19.0,4.0,1.0,18.0,-1.0,1862.807738,1340.242047,1.875,0.02132875324675325,4539.952727272727
22.0,23.0,24.0,16.0,17.0,18.0,16.0,5.0,8.0,19.0,2.0,15.0,16.0,10.0,2.0,2.0,12.0,17.0,17.0,5.0,3.0,10.0,16.0,19.0,7.0,14.0,16.0,1473.553732,1797.785728,1.3595,0.01963468181818182,6699.795454545453
11.0,12.0,13.0,16.0,17.0,18.0,20.0,20.0,6.0,0.0,12.0,12.0,7.0,19.0,14.0,2.0,6.0,5.0,7.0,11.0,20.0,6.0,17.0,11.0,10.0,19.0,2.0,1700.754996,1355.170026,1.6012,0.01724558441558442,5915.5818181818195
9.0,10.0,11.0,14.0,15.0,16.0,5.0,14.0,18.0,16.0,0.0,4.0,10.0,0.0,16.0,-1.0,15.0,-1.0,2.0,5.0,11.0,10.0,3.0,8.0,2.0,5.0,2.0,1610.370814,1219.5636,1.7673,0.016728389610389607,5761.63181818182
9.0,10.0,11.0,22.0,8.0,23.0,1.0,9.0,-1.0,19.0,8.0,18.0,13.0,9.0,14.0,8.0,6.0,11.0,6.0,0.0,5.0,3.0,-1.0,19.0,14.0,4.0,10.0,1068.041349,901.3664429,2.0662,0.026675740259740257,4619.223636363637
11.0,12.0,13.0,18.0,19.0,20.0,-1.0,17.0,12.0,19.0,-1.0,6.0,7.0,9.0,0.0,13.0,14.0,3.0,16.0,9.0,9.0,10.0,10.0,16.0,19.0,11.0,-1.0,1878.749525,1202.909322,1.4562,0.01470311688311688,7056.664545454545
10.0,11.0,12.0,11.0,12.0,13.0,12.0,15.0,8.0,15.0,20.0,19.0,3.0,0.0,7.0,-1.0,9.0,10.0,18.0,8.0,11.0,4.0,8.0,-1.0,4.0,19.0,11.0,1032.01545,776.2146794,1.9594,0.02085247727272727,4804.748181818182
19.0,20.0,21.0,18.0,19.0,20.0,0.0,3.0,15.0,18.0,11.0,4.0,17.0,10.0,19.0,10.0,16.0,20.0,-1.0,13.0,14.0,12.0,15.0,9.0,16.0,4.0,20.0,1696.189487,1435.708241,1.2626,0.014897613636363634,7713.126363636364
20.0,21.0,22.0,22.0,8.0,23.0,13.0,0.0,6.0,18.0,14.0,5.0,1.0,17.0,7.0,2.0,12.0,14.0,13.0,16.0,1.0,8.0,8.0,-1.0,18.0,18.0,8.0,1431.18842,877.011093,1.8373,0.02204262337662338,5075.467272727272
17.0,18.0,19.0,11.0,12.0,13.0,6.0,-1.0,7.0,18.0,17.0,12.0,10.0,11.0,5.0,19.0,9.0,1.0,9.0,19.0,8.0,1.0,1.0,20.0,-1.0,11.0,12.0,1098.400069,1123.993281,1.7961,0.021541590909090896,4847.543636363636
21.0,22.0,23.0,5.0,22.0,23.0,0.0,11.0,14.0,17.0,11.0,7.0,8.0,2.0,14.0,6.0,6.0,15.0,12.0,13.0,0.0,11.0,19.0,16.0,-1.0,13.0,20.0,725.442203,1026.68273,1.9643,0.02364875324675324,4358.080000000001
9.0,10.0,11.0,19.0,20.0,21.0,3.0,3.0,0.0,4.0,14.0,17.0,10.0,10.0,14.0,-1.0,18.0,3.0,15.0,-1.0,10.0,12.0,15.0,5.0,19.0,6.0,18.0,1017.361178,1017.475831,1.5512,0.015822493506493507,6538.499090909091
16.0,17.0,18.0,13.0,14.0,15.0,8.0,20.0,-1.0,15.0,8.0,16.0,0.0,8.0,14.0,3.0,3.0,14.0,16.0,-1.0,18.0,11.0,17.0,11.0,4.0,7.0,17.0,1663.160096,1540.684787,1.626,0.015857064935064943,5556.144545454546
9.0,10.0,11.0,18.0,19.0,20.0,17.0,16.0,-1.0,-1.0,18.0,3.0,4.0,16.0,5.0,16.0,15.0,4.0,13.0,11.0,8.0,4.0,1.0,13.0,9.0,5.0,15.0,850.6175535,723.6150144,1.6013,0.015351376623376621,6515.551818181819
13.0,14.0,15.0,15.0,16.0,17.0,14.0,12.0,15.0,0.0,12.0,14.0,7.0,17.0,8.0,20.0,4.0,14.0,13.0,20.0,1.0,9.0,6.0,15.0,-1.0,-1.0,9.0,702.427624,1702.742378,1.5772,0.01591535064935065,5912.463636363637
10.0,11.0,12.0,16.0,17.0,18.0,14.0,18.0,11.0,19.0,20.0,19.0,8.0,19.0,19.0,15.0,8.0,9.0,5.0,0.0,9.0,3.0,10.0,-1.0,4.0,14.0,7.0,1358.690515,1445.874739,1.6413,0.015909844155844153,5729.147272727272
9.0,10.0,11.0,12.0,13.0,14.0,4.0,20.0,0.0,0.0,-1.0,20.0,13.0,8.0,16.0,17.0,9.0,7.0,14.0,16.0,8.0,9.0,9.0,-1.0,11.0,15.0,5.0,1789.37509,1081.900014,1.8334,0.01684709090909091,5476.336363636364
14.0,15.0,16.0,10.0,11.0,12.0,9.0,1.0,20.0,20.0,0.0,12.0,14.0,9.0,11.0,4.0,20.0,13.0,12.0,8.0,8.0,18.0,8.0,15.0,19.0,2.0,18.0,1382.25213,1087.36256,1.8608,0.01951520454545454,4777.349090909091
11.0,12.0,13.0,11.0,12.0,13.0,11.0,18.0,20.0,9.0,7.0,-1.0,14.0,3.0,0.0,18.0,10.0,8.0,18.0,-1.0,16.0,10.0,13.0,8.0,10.0,17.0,13.0,1679.144989,1654.614066,1.8298,0.017263584415584413,5089.717272727273
17.0,18.0,19.0,12.0,13.0,14.0,-1.0,10.0,8.0,12.0,3.0,4.0,15.0,20.0,1.0,7.0,3.0,18.0,-1.0,16.0,2.0,16.0,7.0,18.0,2.0,10.0,7.0,895.6904774,1759.656685,1.7459,0.019660022727272734,4925.214545454545
15.0,16.0,17.0,13.0,14.0,15.0,7.0,-1.0,9.0,6.0,3.0,-1.0,14.0,7.0,1.0,4.0,8.0,4.0,-1.0,2.0,2.0,0.0,12.0,4.0,4.0,8.0,0.0,1629.122,676.0814,1.6669,0.015987840909090913,5649.0654545454545
9.0,10.0,11.0,5.0,22.0,23.0,-1.0,6.0,15.0,8.0,6.0,6.0,1.0,4.0,16.0,9.0,17.0,2.0,12.0,18.0,17.0,14.0,20.0,1.0,19.0,12.0,15.0,1095.419614,1442.66473,2.0948,0.020844389610389612,4435.875454545454
9.0,10.0,11.0,7.0,8.0,9.0,0.0,6.0,13.0,4.0,6.0,14.0,13.0,20.0,15.0,11.0,11.0,6.0,0.0,2.0,7.0,19.0,0.0,3.0,17.0,6.0,5.0,1209.563714,1606.234968,2.2697,0.02124615584415584,3853.793636363636
8.0,9.0,10.0,22.0,8.0,23.0,1.0,11.0,10.0,-1.0,4.0,2.0,0.0,6.0,3.0,4.0,8.0,11.0,7.0,14.0,4.0,5.0,7.0,2.0,8.0,19.0,9.0,816.1950507,823.2054677,2.1233,0.02341867532467532,4587.2699999999995
7.0,8.0,9.0,17.0,18.0,19.0,5.0,7.0,5.0,13.0,8.0,10.0,20.0,11.0,20.0,2.0,17.0,13.0,6.0,17.0,17.0,18.0,20.0,15.0,-1.0,12.0,6.0,1470.339006,1366.172944,1.7389,0.018118779220779216,5518.123636363635
8.0,9.0,10.0,17.0,18.0,19.0,3.0,11.0,19.0,5.0,14.0,19.0,13.0,8.0,5.0,2.0,6.0,2.0,0.0,6.0,9.0,17.0,3.0,8.0,1.0,13.0,16.0,1884.191312,1638.478445,1.6565,0.015123948051948045,5772.424545454546
15.0,16.0,17.0,12.0,13.0,14.0,15.0,16.0,14.0,1.0,4.0,6.0,20.0,5.0,9.0,12.0,13.0,4.0,20.0,20.0,0.0,18.0,17.0,1.0,15.0,4.0,10.0,1211.412858,1331.259229,1.7293,0.017434886363636368,5064.541818181818
7.0,8.0,9.0,22.0,8.0,23.0,6.0,9.0,11.0,12.0,6.0,4.0,12.0,-1.0,2.0,13.0,19.0,16.0,9.0,5.0,1.0,7.0,2.0,14.0,0.0,4.0,12.0,1142.622716,1863.076055,2.1252,0.02743187012987014,4198.883636363636
9.0,10.0,11.0,10.0,11.0,12.0,7.0,13.0,13.0,20.0,8.0,19.0,2.0,8.0,4.0,16.0,7.0,1.0,7.0,1.0,19.0,14.0,-1.0,10.0,12.0,-1.0,19.0,1139.255216,1251.477166,2.0491,0.018842272727272732,4442.914545454546
15.0,16.0,17.0,22.0,23.0,24.0,17.0,13.0,6.0,13.0,13.0,17.0,16.0,13.0,5.0,1.0,9.0,16.0,19.0,15.0,18.0,3.0,12.0,0.0,0.0,13.0,10.0,912.7996312,1626.840205,1.5444,0.015255584415584422,6240.584545454545
11.0,12.0,13.0,22.0,23.0,24.0,13.0,6.0,0.0,17.0,15.0,12.0,10.0,5.0,-1.0,2.0,4.0,-1.0,2.0,6.0,5.0,14.0,9.0,3.0,16.0,4.0,6.0,687.0076585,1560.188886,1.6879,0.017492441558441565,5766.375454545454
20.0,21.0,22.0,15.0,16.0,17.0,2.0,7.0,20.0,-1.0,10.0,4.0,7.0,3.0,7.0,12.0,8.0,19.0,6.0,0.0,13.0,11.0,3.0,4.0,20.0,13.0,10.0,801.2670501,677.0958218,1.4513,0.01616548051948052,6497.973636363636
9.0,10.0,11.0,19.0,20.0,21.0,3.0,8.0,16.0,5.0,1.0,7.0,14.0,14.0,12.0,2.0,16.0,20.0,19.0,17.0,9.0,4.0,0.0,19.0,5.0,9.0,17.0,1051.956445,1032.569631,1.5313,0.01501187012987013,6692.929999999999
22.0,23.0,24.0,22.0,23.0,24.0,16.0,9.0,2.0,10.0,17.0,19.0,0.0,5.0,10.0,19.0,12.0,8.0,14.0,11.0,10.0,7.0,14.0,13.0,6.0,3.0,2.0,1801.841674,1647.549754,1.3942,0.014615168831168833,6918.546363636363
7.0,8.0,9.0,14.0,15.0,16.0,16.0,1.0,12.0,9.0,15.0,12.0,19.0,5.0,9.0,18.0,14.0,15.0,8.0,1.0,19.0,13.0,16.0,4.0,0.0,1.0,8.0,1712.216712,995.9312723,1.8401,0.019449870129870133,5546.75
22.0,23.0,24.0,5.0,22.0,23.0,8.0,19.0,9.0,18.0,18.0,7.0,14.0,8.0,13.0,7.0,13.0,11.0,1.0,1.0,9.0,19.0,7.0,12.0,15.0,4.0,3.0,1638.020722,712.7137713,1.8737,0.02348371428571429,5198.296363636363
8.0,9.0,10.0,17.0,18.0,19.0,11.0,20.0,5.0,17.0,10.0,0.0,5.0,16.0,7.0,12.0,8.0,6.0,11.0,-1.0,3.0,10.0,20.0,2.0,6.0,1.0,3.0,855.7894258,793.8738238,1.7251,0.017262857142857135,5748.04090909091
14.0,15.0,16.0,18.0,19.0,20.0,7.0,16.0,14.0,2.0,20.0,12.0,17.0,11.0,6.0,8.0,3.0,4.0,18.0,0.0,3.0,1.0,17.0,1.0,10.0,15.0,19.0,881.9514631,1132.599806,1.3696,0.01587155844155844,7458.73090909091
20.0,21.0,22.0,19.0,20.0,21.0,4.0,17.0,15.0,0.0,1.0,6.0,5.0,8.0,7.0,17.0,20.0,5.0,-1.0,14.0,4.0,3.0,18.0,11.0,6.0,5.0,20.0,1603.122981,1287.045902,1.1738,0.013604831168831167,8289.191818181818
18.0,19.0,20.0,12.0,13.0,14.0,9.0,7.0,7.0,3.0,20.0,13.0,15.0,20.0,1.0,0.0,6.0,8.0,6.0,-1.0,16.0,7.0,6.0,11.0,16.0,11.0,18.0,1292.46077,1844.19877,1.7058,0.018176659090909094,4986.20090909091
13.0,14.0,15.0,13.0,14.0,15.0,7.0,6.0,6.0,18.0,14.0,16.0,19.0,-1.0,5.0,15.0,9.0,20.0,5.0,20.0,0.0,19.0,2.0,12.0,13.0,9.0,8.0,1461.381279,1827.899852,1.6933,0.01637716883116883,5066.267272727272
13.0,14.0,15.0,10.0,11.0,12.0,7.0,0.0,10.0,2.0,6.0,10.0,6.0,4.0,4.0,4.0,10.0,8.0,2.0,8.0,10.0,0.0,5.0,0.0,2.0,0.0,0.0,1489.88,691.1823,1.9255,0.019244337662337664,4838.87
17.0,18.0,19.0,19.0,20.0,21.0,15.0,14.0,19.0,20.0,3.0,0.0,5.0,12.0,8.0,-1.0,6.0,15.0,4.0,11.0,18.0,16.0,2.0,18.0,8.0,7.0,15.0,1021.961547,1328.717706,1.2462,0.014251818181818181,8109.2527272727275
15.0,16.0,17.0,22.0,23.0,24.0,15.0,10.0,12.0,12.0,15.0,8.0,12.0,16.0,3.0,10.0,-1.0,7.0,9.0,20.0,12.0,5.0,1.0,5.0,4.0,16.0,-1.0,788.4142486,626.140175,1.56,0.018370337662337664,6460.519999999999
17.0,18.0,19.0,13.0,14.0,15.0,11.0,17.0,11.0,0.0,3.0,12.0,7.0,2.0,15.0,1.0,5.0,6.0,18.0,10.0,3.0,14.0,17.0,7.0,-1.0,19.0,1.0,1505.627355,1835.818868,1.6265,0.016457350649350645,5234.327272727272
14.0,15.0,16.0,22.0,8.0,23.0,9.0,8.0,18.0,16.0,14.0,11.0,6.0,4.0,3.0,15.0,19.0,1.0,14.0,-1.0,1.0,16.0,11.0,19.0,11.0,20.0,4.0,1026.050808,1230.767719,1.9318,0.02224366233766234,4590.9572727272725
9.0,10.0,11.0,10.0,11.0,12.0,13.0,7.0,14.0,5.0,-1.0,20.0,12.0,7.0,10.0,15.0,18.0,14.0,6.0,13.0,15.0,14.0,-1.0,18.0,11.0,20.0,8.0,1352.609309,1776.425965,2.0375,0.022969376623376624,4289.132727272728
8.0,9.0,10.0,8.0,9.0,10.0,2.0,19.0,16.0,7.0,16.0,4.0,2.0,8.0,14.0,2.0,3.0,11.0,16.0,-1.0,3.0,18.0,4.0,7.0,10.0,13.0,4.0,1606.580611,1296.49016,2.1263,0.01905314285714286,4371.844545454546
10.0,11.0,12.0,15.0,16.0,17.0,1.0,12.0,5.0,2.0,17.0,17.0,6.0,14.0,6.0,16.0,2.0,-1.0,2.0,5.0,2.0,2.0,19.0,14.0,9.0,15.0,3.0,1304.878324,1834.148498,1.6825,0.014854571428571429,5712.118181818181
7.0,8.0,9.0,14.0,15.0,16.0,0.0,15.0,9.0,13.0,19.0,3.0,4.0,0.0,9.0,13.0,4.0,12.0,4.0,7.0,16.0,-1.0,5.0,7.0,10.0,12.0,3.0,1809.111495,1716.875376,1.8475,0.01758602597402598,5325.653636363636
22.0,23.0,24.0,18.0,19.0,20.0,6.0,13.0,3.0,2.0,7.0,2.0,19.0,4.0,6.0,3.0,18.0,3.0,16.0,16.0,10.0,7.0,0.0,0.0,6.0,5.0,14.0,1567.297439,912.5939277,1.2148,0.01406571428571428,7925.345454545453
14.0,15.0,16.0,17.0,18.0,19.0,0.0,0.0,6.0,15.0,11.0,-1.0,16.0,3.0,1.0,-1.0,12.0,14.0,8.0,11.0,20.0,7.0,12.0,13.0,14.0,4.0,3.0,930.6109147,727.3606662,1.476,0.01488124675324675,6364.45090909091
15.0,16.0,17.0,18.0,19.0,20.0,13.0,2.0,7.0,9.0,11.0,20.0,4.0,2.0,0.0,10.0,12.0,2.0,15.0,20.0,2.0,13.0,19.0,6.0,5.0,18.0,-1.0,735.5126492,967.63337,1.3651,0.015714779220779226,7471.165454545454
7.0,8.0,9.0,7.0,8.0,9.0,7.0,5.0,1.0,10.0,16.0,1.0,20.0,5.0,6.0,19.0,8.0,16.0,17.0,16.0,11.0,4.0,1.0,7.0,12.0,6.0,17.0,871.0274724,1106.361388,2.3753,0.02529159090909091,3863.4872727272727
7.0,8.0,9.0,10.0,11.0,12.0,8.0,8.0,1.0,-1.0,15.0,9.0,7.0,3.0,12.0,18.0,14.0,7.0,0.0,1.0,6.0,17.0,1.0,7.0,5.0,3.0,16.0,1762.389971,972.0953874,1.9649,0.018478493506493502,5209.604545454545
7.0,8.0,9.0,15.0,16.0,17.0,16.0,8.0,6.0,20.0,5.0,0.0,11.0,13.0,16.0,20.0,18.0,15.0,2.0,11.0,4.0,1.0,10.0,17.0,13.0,14.0,14.0,756.0998394,1349.531034,1.8172,0.018163922077922074,5477.880909090909
13.0,14.0,15.0,18.0,19.0,20.0,9.0,6.0,2.0,17.0,4.0,9.0,8.0,18.0,5.0,7.0,16.0,7.0,9.0,5.0,19.0,3.0,13.0,7.0,2.0,20.0,20.0,1768.194148,1866.697593,1.388,0.013864987012987018,7222.584545454545
11.0,12.0,13.0,12.0,13.0,14.0,16.0,20.0,20.0,11.0,20.0,0.0,8.0,3.0,14.0,5.0,14.0,12.0,10.0,9.0,8.0,19.0,0.0,3.0,14.0,9.0,18.0,835.4897163,1039.449552,1.8734,0.019384181818181814,4974.17909090909
14.0,15.0,16.0,9.0,10.0,11.0,9.0,16.0,17.0,4.0,19.0,20.0,11.0,9.0,3.0,15.0,16.0,18.0,15.0,9.0,13.0,0.0,6.0,6.0,19.0,19.0,2.0,950.2984713,1391.294075,1.988,0.025156409090909083,4029.5836363636363
9.0,10.0,11.0,11.0,12.0,13.0,13.0,7.0,13.0,9.0,20.0,-1.0,3.0,14.0,9.0,14.0,13.0,7.0,-1.0,18.0,5.0,6.0,15.0,14.0,1.0,-1.0,8.0,1204.916287,627.9621361,1.9793,0.0192275,4877.525454545455
19.0,20.0,21.0,15.0,16.0,17.0,-1.0,19.0,16.0,19.0,12.0,5.0,14.0,1.0,0.0,6.0,2.0,17.0,4.0,18.0,15.0,14.0,8.0,2.0,6.0,10.0,17.0,1583.081605,1497.752571,1.4247,0.014942883116883115,6643.005454545454
17.0,18.0,19.0,18.0,19.0,20.0,8.0,14.0,4.0,18.0,-1.0,16.0,2.0,8.0,15.0,20.0,17.0,13.0,11.0,19.0,11.0,1.0,-1.0,16.0,8.0,9.0,2.0,885.5459084,1177.839154,1.3188,0.014873590909090911,7433.021818181819
8.0,9.0,10.0,9.0,10.0,11.0,10.0,11.0,17.0,2.0,5.0,11.0,19.0,-1.0,4.0,-1.0,11.0,0.0,17.0,4.0,17.0,3.0,16.0,4.0,0.0,8.0,12.0,1319.469508,1312.139813,2.1406,0.024543113636363634,4242.432727272728
11.0,12.0,13.0,18.0,19.0,20.0,9.0,4.0,19.0,8.0,10.0,3.0,-1.0,0.0,11.0,20.0,10.0,16.0,12.0,11.0,20.0,-1.0,17.0,12.0,14.0,20.0,11.0,1360.859051,1115.124015,1.4774,0.014677974025974021,6979.342727272728
13.0,14.0,15.0,22.0,23.0,24.0,20.0,17.0,13.0,15.0,2.0,12.0,16.0,1.0,3.0,10.0,15.0,4.0,9.0,18.0,11.0,3.0,4.0,3.0,18.0,20.0,13.0,1448.130452,1003.919936,1.5631,0.018503636363636364,6325.074545454548
10.0,11.0,12.0,15.0,16.0,17.0,6.0,10.0,19.0,1.0,1.0,8.0,2.0,20.0,0.0,7.0,1.0,14.0,15.0,14.0,5.0,9.0,16.0,-1.0,14.0,4.0,14.0,1039.759938,1220.722876,1.6758,0.015761766233766236,5846.580000000001
14.0,15.0,16.0,17.0,18.0,19.0,4.0,1.0,1.0,7.0,11.0,2.0,3.0,13.0,3.0,16.0,17.0,3.0,17.0,12.0,16.0,0.0,1.0,5.0,20.0,8.0,15.0,1467.751899,1669.984433,1.4456,0.014219532467532464,6301.01
13.0,14.0,15.0,18.0,19.0,20.0,14.0,18.0,-1.0,8.0,9.0,14.0,19.0,6.0,2.0,9.0,14.0,20.0,15.0,3.0,-1.0,5.0,2.0,2.0,6.0,9.0,5.0,1310.381937,710.0634659,1.4123,0.014898701298701307,7443.854545454544
8.0,9.0,10.0,8.0,9.0,10.0,9.0,16.0,15.0,15.0,1.0,18.0,15.0,6.0,17.0,19.0,10.0,15.0,6.0,5.0,0.0,8.0,15.0,1.0,15.0,1.0,14.0,1718.964015,1104.087267,2.0803,0.021490659090909085,4552.37
7.0,8.0,9.0,18.0,19.0,20.0,11.0,3.0,15.0,3.0,19.0,20.0,4.0,4.0,12.0,12.0,12.0,4.0,4.0,14.0,8.0,-1.0,3.0,0.0,8.0,14.0,7.0,1107.267363,1855.502435,1.6916,0.01781984415584415,5793.142727272727
11.0,12.0,13.0,14.0,15.0,16.0,11.0,6.0,-1.0,4.0,0.0,20.0,8.0,14.0,1.0,19.0,17.0,8.0,19.0,0.0,1.0,6.0,14.0,11.0,7.0,14.0,16.0,1178.212899,1608.759434,1.7399,0.016642987012987012,5427.642727272727
19.0,20.0,21.0,13.0,14.0,15.0,13.0,19.0,-1.0,3.0,14.0,17.0,10.0,5.0,11.0,2.0,3.0,4.0,14.0,0.0,-1.0,16.0,7.0,-1.0,19.0,7.0,10.0,1449.808757,1001.646653,1.6301,0.01703605194805195,5446.150000000001
18.0,19.0,20.0,12.0,13.0,14.0,0.0,15.0,9.0,2.0,4.0,19.0,1.0,16.0,5.0,12.0,18.0,0.0,12.0,9.0,4.0,19.0,9.0,11.0,1.0,17.0,13.0,1836.128936,1432.083178,1.692,0.022143159090909095,5012.847272727273
11.0,12.0,13.0,22.0,23.0,24.0,3.0,19.0,10.0,1.0,18.0,10.0,17.0,4.0,13.0,18.0,14.0,10.0,8.0,14.0,7.0,0.0,3.0,1.0,17.0,2.0,4.0,1364.237585,1143.206914,1.6494,0.018577350649350663,6135.551818181818
15.0,16.0,17.0,9.0,10.0,11.0,18.0,13.0,16.0,18.0,4.0,13.0,2.0,1.0,18.0,14.0,4.0,3.0,3.0,4.0,18.0,8.0,16.0,8.0,17.0,19.0,7.0,740.3245529,1425.575211,1.9861,0.021626749999999997,4126.1736363636355
18.0,19.0,20.0,19.0,20.0,21.0,13.0,1.0,6.0,14.0,14.0,8.0,20.0,6.0,12.0,19.0,10.0,18.0,-1.0,3.0,10.0,6.0,2.0,11.0,15.0,20.0,3.0,1248.975231,1809.933816,1.2332,0.014715545454545455,8037.676363636362
7.0,8.0,9.0,17.0,18.0,19.0,-1.0,5.0,15.0,11.0,20.0,3.0,2.0,13.0,19.0,6.0,13.0,5.0,7.0,1.0,12.0,6.0,7.0,10.0,1.0,17.0,16.0,667.0011771,1166.111782,1.7884,0.017280181818181823,5339.846363636363
18.0,19.0,20.0,22.0,23.0,24.0,1.0,0.0,11.0,16.0,15.0,15.0,8.0,17.0,12.0,15.0,14.0,1.0,3.0,7.0,8.0,10.0,8.0,-1.0,6.0,13.0,20.0,1860.982838,1044.042765,1.4602,0.017660051948051942,6493.771818181817
7.0,8.0,9.0,14.0,15.0,16.0,-1.0,19.0,9.0,-1.0,9.0,11.0,17.0,17.0,5.0,12.0,19.0,3.0,16.0,4.0,13.0,12.0,13.0,-1.0,5.0,2.0,14.0,1162.799447,919.8323122,1.9085,0.020115662337662335,5283.58909090909
16.0,17.0,18.0,14.0,15.0,16.0,1.0,15.0,0.0,8.0,14.0,0.0,0.0,14.0,8.0,2.0,17.0,7.0,5.0,6.0,16.0,17.0,5.0,0.0,3.0,0.0,15.0,1252.967451,1455.162502,1.5864,0.01456535064935065,5836.731818181818
19.0,20.0,21.0,13.0,14.0,15.0,4.0,8.0,11.0,13.0,5.0,5.0,19.0,12.0,6.0,6.0,4.0,2.0,0.0,20.0,6.0,0.0,18.0,0.0,0.0,7.0,15.0,838.8521318,1399.15593,1.6767,0.01794509090909091,4964.999999999999
18.0,19.0,20.0,18.0,19.0,20.0,17.0,11.0,8.0,4.0,4.0,0.0,5.0,17.0,4.0,0.0,10.0,2.0,18.0,14.0,14.0,13.0,11.0,17.0,19.0,18.0,18.0,1643.805377,1632.457362,1.2934,0.015664935064935066,7571.102727272728
10.0,11.0,12.0,7.0,8.0,9.0,13.0,7.0,0.0,16.0,7.0,8.0,5.0,11.0,8.0,13.0,1.0,1.0,18.0,18.0,4.0,19.0,8.0,2.0,2.0,8.0,16.0,882.9039631,1812.064022,2.2969,0.019689613636363637,3779.484545454545
12.0,13.0,14.0,18.0,19.0,20.0,20.0,-1.0,9.0,6.0,20.0,16.0,3.0,18.0,12.0,8.0,17.0,6.0,11.0,6.0,17.0,17.0,16.0,14.0,6.0,14.0,6.0,657.5013662,1666.952362,1.4687,0.0142062077922078,6790.734545454546
8.0,9.0,10.0,15.0,16.0,17.0,14.0,12.0,-1.0,18.0,4.0,12.0,19.0,15.0,15.0,9.0,1.0,6.0,10.0,10.0,9.0,-1.0,19.0,10.0,18.0,12.0,0.0,1196.395288,885.9432951,1.7633,0.01886420779220779,5974.594545454546
14.0,15.0,16.0,22.0,8.0,23.0,1.0,6.0,12.0,16.0,7.0,5.0,15.0,18.0,2.0,17.0,8.0,8.0,10.0,2.0,1.0,3.0,13.0,0.0,3.0,11.0,0.0,783.8293996,1723.910212,1.9315,0.023934961038961044,4333.246363636364
15.0,16.0,17.0,10.0,11.0,12.0,17.0,9.0,14.0,0.0,-1.0,17.0,15.0,10.0,13.0,4.0,3.0,-1.0,8.0,1.0,11.0,11.0,1.0,19.0,9.0,10.0,15.0,691.7009979,1583.496255,1.9077,0.02096013636363637,4376.340909090909
16.0,17.0,18.0,19.0,20.0,21.0,20.0,1.0,2.0,14.0,6.0,6.0,17.0,5.0,12.0,-1.0,14.0,16.0,17.0,12.0,3.0,19.0,0.0,7.0,7.0,-1.0,9.0,1384.016382,1375.887114,1.2527,0.014322155844155849,8195.401818181817
10.0,11.0,12.0,7.0,8.0,9.0,1.0,3.0,0.0,6.0,16.0,6.0,2.0,15.0,4.0,7.0,7.0,8.0,12.0,19.0,1.0,12.0,5.0,3.0,16.0,4.0,14.0,1703.9774,638.1966162,2.14,0.020615844155844155,4716.674545454545
18.0,19.0,20.0,5.0,22.0,23.0,1.0,16.0,18.0,11.0,18.0,11.0,13.0,20.0,19.0,18.0,17.0,9.0,8.0,7.0,2.0,7.0,1.0,15.0,0.0,11.0,1.0,1231.902334,1422.761201,1.9059,0.022723454545454547,4576.958181818182
10.0,11.0,12.0,11.0,12.0,13.0,15.0,20.0,13.0,0.0,16.0,8.0,-1.0,-1.0,5.0,14.0,15.0,20.0,3.0,12.0,7.0,16.0,13.0,10.0,19.0,11.0,3.0,1514.838894,1313.554436,1.8878,0.019368675324675323,4911.970909090908
13.0,14.0,15.0,10.0,11.0,12.0,7.0,0.0,10.0,16.0,6.0,10.0,6.0,4.0,4.0,4.0,10.0,8.0,16.0,8.0,10.0,0.0,5.0,0.0,-1.0,0.0,0.0,1489.88,691.1823,1.9168,0.018807863636363633,4878.129999999999
8.0,9.0,10.0,17.0,18.0,19.0,6.0,4.0,3.0,6.0,11.0,2.0,5.0,19.0,18.0,14.0,20.0,17.0,9.0,1.0,6.0,15.0,6.0,15.0,11.0,20.0,3.0,1568.520387,1658.718996,1.6876,0.016037194805194808,5598.822727272727
21.0,22.0,23.0,15.0,16.0,17.0,-1.0,2.0,7.0,3.0,0.0,15.0,7.0,20.0,17.0,8.0,12.0,14.0,4.0,8.0,11.0,1.0,11.0,15.0,4.0,3.0,15.0,1599.54884,704.8062485,1.4038,0.017205090909090906,6908.31090909091
12.0,13.0,14.0,14.0,15.0,16.0,19.0,20.0,10.0,9.0,5.0,7.0,-1.0,5.0,6.0,12.0,15.0,9.0,6.0,7.0,0.0,19.0,19.0,16.0,1.0,3.0,20.0,920.871575,1120.630432,1.7106,0.015943681818181815,5486.086363636364
15.0,16.0,17.0,5.0,22.0,23.0,-1.0,9.0,14.0,4.0,15.0,-1.0,12.0,-1.0,5.0,11.0,15.0,5.0,13.0,14.0,5.0,16.0,20.0,12.0,2.0,10.0,9.0,1560.38244,736.638105,1.9127,0.02092696103896104,5011.377272727273
9.0,10.0,11.0,17.0,18.0,19.0,17.0,14.0,5.0,3.0,8.0,-1.0,9.0,10.0,20.0,5.0,2.0,18.0,2.0,4.0,6.0,10.0,16.0,7.0,1.0,11.0,10.0,1875.597697,845.0310101,1.593,0.015301376623376621,6344.114545454547
10.0,11.0,12.0,12.0,13.0,14.0,3.0,17.0,7.0,7.0,15.0,7.0,9.0,18.0,1.0,14.0,19.0,1.0,7.0,19.0,15.0,10.0,2.0,11.0,0.0,18.0,0.0,1330.263888,1604.825878,1.8513,0.017482649350649353,5125.070000000001
18.0,19.0,20.0,16.0,17.0,18.0,3.0,4.0,19.0,6.0,18.0,7.0,0.0,1.0,9.0,20.0,11.0,0.0,4.0,-1.0,16.0,11.0,10.0,17.0,7.0,2.0,4.0,1306.437726,1454.571326,1.4279,0.017473522727272726,6301.748181818181
16.0,17.0,18.0,13.0,14.0,15.0,20.0,17.0,12.0,17.0,0.0,20.0,3.0,2.0,16.0,1.0,8.0,8.0,12.0,11.0,2.0,2.0,10.0,17.0,5.0,15.0,12.0,682.5221397,791.9750761,1.7063,0.018915931818181825,5245.773636363637
22.0,23.0,24.0,19.0,20.0,21.0,18.0,10.0,6.0,8.0,16.0,3.0,6.0,16.0,8.0,10.0,11.0,6.0,2.0,20.0,5.0,18.0,1.0,11.0,1.0,13.0,19.0,1390.610702,1744.852851,1.1524,0.014915999999999992,7883.462727272727
22.0,23.0,24.0,17.0,18.0,19.0,12.0,16.0,18.0,10.0,10.0,12.0,15.0,18.0,20.0,5.0,17.0,15.0,17.0,19.0,15.0,1.0,8.0,4.0,17.0,18.0,10.0,980.775567,1339.044533,1.3472,0.018582681818181814,6589.518181818182
12.0,13.0,14.0,10.0,11.0,12.0,-1.0,17.0,7.0,1.0,18.0,20.0,17.0,6.0,5.0,0.0,14.0,16.0,18.0,10.0,13.0,17.0,9.0,13.0,14.0,9.0,12.0,1114.831168,1846.961936,1.9337,0.019174103896103897,4328.896363636363
11.0,12.0,13.0,15.0,16.0,17.0,5.0,20.0,16.0,9.0,0.0,5.0,16.0,11.0,11.0,-1.0,5.0,3.0,0.0,16.0,6.0,11.0,17.0,6.0,17.0,11.0,9.0,1799.405805,1746.033743,1.6274,0.01463064935064935,6108.713636363637
17.0,18.0,19.0,22.0,8.0,23.0,3.0,0.0,12.0,0.0,16.0,10.0,12.0,12.0,16.0,3.0,6.0,4.0,11.0,3.0,19.0,11.0,5.0,7.0,2.0,7.0,1.0,1867.561085,718.9935328,1.8319,0.021516571428571434,5366.29
14.0,15.0,16.0,18.0,19.0,20.0,8.0,-1.0,9.0,4.0,6.0,9.0,-1.0,9.0,4.0,10.0,9.0,0.0,2.0,17.0,4.0,18.0,0.0,7.0,19.0,3.0,17.0,969.3481617,1721.850373,1.3799,0.015034961038961037,7351.140909090908
15.0,16.0,17.0,16.0,17.0,18.0,6.0,19.0,5.0,3.0,15.0,1.0,18.0,20.0,0.0,14.0,-1.0,16.0,9.0,5.0,1.0,16.0,6.0,4.0,15.0,17.0,13.0,1376.967752,1672.587662,1.4657,0.01642827272727273,6186.823636363636
13.0,14.0,15.0,9.0,10.0,11.0,11.0,19.0,4.0,18.0,17.0,10.0,10.0,6.0,19.0,-1.0,9.0,14.0,4.0,13.0,3.0,4.0,10.0,19.0,6.0,20.0,5.0,1216.484319,1815.740061,2.0113,0.02231277272727273,3923.8081818181818
16.0,17.0,18.0,22.0,23.0,24.0,17.0,2.0,3.0,4.0,18.0,1.0,20.0,2.0,0.0,17.0,7.0,8.0,20.0,13.0,15.0,12.0,12.0,9.0,11.0,18.0,11.0,1265.945748,1514.858393,1.5088,0.01758332467532468,6187.612727272726
15.0,16.0,17.0,14.0,15.0,16.0,10.0,16.0,3.0,14.0,12.0,9.0,15.0,3.0,9.0,11.0,18.0,8.0,0.0,-1.0,13.0,0.0,17.0,6.0,17.0,20.0,7.0,848.8764579,664.3863572,1.6158,0.016044272727272733,5758.326363636364
10.0,11.0,12.0,6.0,7.0,8.0,1.0,14.0,18.0,17.0,16.0,15.0,6.0,3.0,-1.0,11.0,-1.0,18.0,11.0,10.0,14.0,16.0,15.0,3.0,10.0,9.0,2.0,998.2012144,908.3964462,2.5254,0.024980522727272723,3322.823636363637
17.0,18.0,19.0,5.0,22.0,23.0,11.0,-1.0,20.0,9.0,12.0,17.0,15.0,15.0,9.0,0.0,7.0,13.0,14.0,2.0,5.0,10.0,-1.0,-1.0,6.0,12.0,18.0,1090.550262,1535.982377,1.9205,0.02276945454545454,4441.701818181818
17.0,18.0,19.0,16.0,17.0,18.0,17.0,-1.0,15.0,20.0,9.0,8.0,16.0,16.0,19.0,20.0,10.0,11.0,0.0,18.0,16.0,10.0,5.0,0.0,11.0,3.0,6.0,995.0826609,1503.691551,1.4538,0.018928590909090916,6152.75
18.0,19.0,20.0,19.0,20.0,21.0,2.0,-1.0,3.0,11.0,15.0,12.0,10.0,17.0,1.0,11.0,0.0,19.0,3.0,3.0,11.0,14.0,9.0,8.0,2.0,15.0,17.0,705.3643097,938.6358636,1.2413,0.015206886363636363,8312.564545454545
13.0,14.0,15.0,12.0,13.0,14.0,19.0,7.0,16.0,15.0,9.0,9.0,19.0,8.0,4.0,-1.0,2.0,4.0,5.0,0.0,3.0,19.0,11.0,20.0,7.0,10.0,5.0,1631.72882,801.9672585,1.7377,0.018578863636363633,5459.342727272727
10.0,11.0,12.0,5.0,22.0,23.0,14.0,9.0,-1.0,16.0,7.0,14.0,17.0,-1.0,13.0,2.0,17.0,3.0,8.0,13.0,6.0,-1.0,8.0,5.0,5.0,4.0,18.0,1499.018013,1629.963018,2.0368,0.024986753246753254,4294.624545454546
20.0,21.0,22.0,15.0,16.0,17.0,9.0,16.0,11.0,5.0,1.0,9.0,11.0,0.0,8.0,9.0,11.0,1.0,2.0,17.0,20.0,8.0,4.0,4.0,0.0,10.0,3.0,663.7040238,1857.985135,1.4507,0.014931590909090903,6316.246363636363
9.0,10.0,11.0,13.0,14.0,15.0,6.0,3.0,5.0,5.0,2.0,13.0,18.0,-1.0,10.0,5.0,8.0,16.0,11.0,18.0,20.0,17.0,7.0,6.0,17.0,2.0,0.0,1618.339993,857.525328,1.8301,0.018212467532467542,5385.902727272726
7.0,8.0,9.0,13.0,14.0,15.0,7.0,12.0,7.0,20.0,3.0,10.0,12.0,3.0,-1.0,7.0,5.0,14.0,20.0,1.0,11.0,1.0,13.0,9.0,11.0,16.0,2.0,771.4938249,1579.886119,1.9895,0.018975558441558446,4615.701818181819
16.0,17.0,18.0,13.0,14.0,15.0,7.0,-1.0,1.0,1.0,5.0,8.0,6.0,3.0,12.0,12.0,5.0,6.0,3.0,13.0,7.0,12.0,0.0,0.0,0.0,2.0,18.0,1267.329,680.0763,1.6861,0.016852159090909084,5373.625454545454
12.0,13.0,14.0,13.0,14.0,15.0,9.0,-1.0,5.0,11.0,18.0,4.0,16.0,4.0,17.0,3.0,18.0,6.0,11.0,12.0,20.0,7.0,0.0,19.0,16.0,19.0,15.0,1419.058523,1059.078647,1.7356,0.01673906818181818,5335.912727272727
8.0,9.0,10.0,16.0,17.0,18.0,14.0,11.0,10.0,-1.0,2.0,3.0,9.0,13.0,11.0,16.0,0.0,13.0,17.0,0.0,19.0,10.0,2.0,14.0,20.0,14.0,4.0,1592.769363,940.1762299,1.7131,0.01965264935064934,5726.307272727274
14.0,15.0,16.0,10.0,11.0,12.0,1.0,13.0,14.0,12.0,13.0,19.0,5.0,12.0,-1.0,-1.0,12.0,7.0,-1.0,12.0,19.0,10.0,3.0,12.0,15.0,17.0,12.0,645.6907694,911.9509138,1.9489,0.021091000000000006,4407.428181818182
10.0,11.0,12.0,14.0,15.0,16.0,20.0,0.0,7.0,17.0,17.0,5.0,4.0,17.0,7.0,2.0,6.0,-1.0,7.0,3.0,0.0,8.0,16.0,11.0,9.0,18.0,17.0,1299.527996,954.5095364,1.7665,0.017004935064935067,5510.846363636364
11.0,12.0,13.0,14.0,15.0,16.0,19.0,2.0,3.0,1.0,1.0,13.0,15.0,4.0,10.0,12.0,13.0,13.0,20.0,5.0,18.0,5.0,5.0,4.0,11.0,3.0,19.0,865.8560252,688.7461055,1.7795,0.01800827272727272,5370.3545454545465
15.0,16.0,17.0,22.0,23.0,24.0,13.0,6.0,2.0,2.0,11.0,18.0,7.0,12.0,4.0,20.0,10.0,0.0,1.0,7.0,17.0,10.0,6.0,1.0,15.0,16.0,7.0,649.8754578,864.0922558,1.5629,0.019088571428571423,6130.745454545456
8.0,9.0,10.0,5.0,22.0,23.0,12.0,6.0,9.0,8.0,10.0,10.0,-1.0,2.0,15.0,17.0,7.0,19.0,3.0,0.0,17.0,20.0,4.0,1.0,16.0,8.0,13.0,1085.104302,1380.020887,2.0942,0.019069324675324684,4354.097272727272
14.0,15.0,16.0,13.0,14.0,15.0,15.0,3.0,15.0,14.0,2.0,16.0,20.0,7.0,1.0,20.0,-1.0,7.0,4.0,6.0,3.0,2.0,15.0,15.0,6.0,14.0,8.0,897.6220225,785.4382574,1.7317,0.016895045454545454,5361.49090909091
11.0,12.0,13.0,14.0,15.0,16.0,15.0,20.0,3.0,-1.0,7.0,-1.0,19.0,6.0,3.0,17.0,10.0,15.0,5.0,15.0,16.0,11.0,9.0,20.0,9.0,5.0,6.0,1402.450087,1812.804045,1.7268,0.01630152272727272,5356.74090909091
13.0,14.0,15.0,10.0,11.0,12.0,16.0,1.0,10.0,0.0,1.0,6.0,12.0,6.0,0.0,7.0,-1.0,7.0,6.0,10.0,7.0,18.0,6.0,18.0,0.0,6.0,0.0,1341.465,642.8432,1.9285,0.018835454545454548,4800.432727272726
15.0,16.0,17.0,12.0,13.0,14.0,12.0,1.0,13.0,0.0,2.0,8.0,10.0,14.0,13.0,5.0,7.0,5.0,0.0,17.0,8.0,-1.0,0.0,-1.0,14.0,5.0,3.0,1259.294681,716.0630338,1.7304,0.016929818181818188,5408.563636363636
15.0,16.0,17.0,15.0,16.0,17.0,10.0,8.0,16.0,7.0,14.0,13.0,20.0,0.0,10.0,0.0,11.0,7.0,9.0,5.0,1.0,18.0,3.0,3.0,15.0,7.0,9.0,1538.445627,758.312963,1.4641,0.015134285714285718,6792.067272727272
8.0,9.0,10.0,5.0,22.0,23.0,8.0,17.0,4.0,4.0,3.0,13.0,2.0,1.0,2.0,10.0,6.0,9.0,13.0,20.0,19.0,18.0,19.0,12.0,12.0,9.0,7.0,1412.017584,1853.457291,2.0763,0.021685116883116886,4297.192727272727
11.0,12.0,13.0,16.0,17.0,18.0,-1.0,17.0,17.0,17.0,1.0,0.0,8.0,17.0,11.0,9.0,7.0,-1.0,5.0,1.0,-1.0,14.0,5.0,18.0,13.0,6.0,16.0,1155.054089,1022.903418,1.6058,0.015278909090909095,6088.601818181818
13.0,14.0,15.0,17.0,18.0,19.0,2.0,18.0,12.0,8.0,6.0,4.0,2.0,-1.0,4.0,14.0,19.0,2.0,10.0,4.0,16.0,1.0,3.0,4.0,16.0,17.0,20.0,1486.457725,1118.56506,1.4853,0.014711181818181823,6346.230000000001
22.0,23.0,24.0,18.0,19.0,20.0,16.0,17.0,10.0,19.0,12.0,14.0,3.0,13.0,13.0,0.0,17.0,2.0,6.0,1.0,13.0,9.0,4.0,7.0,20.0,5.0,8.0,925.7705875,1868.270986,1.2214,0.013302090909090902,7523.03
15.0,16.0,17.0,22.0,8.0,23.0,12.0,18.0,-1.0,5.0,0.0,10.0,9.0,8.0,14.0,5.0,4.0,8.0,4.0,2.0,9.0,20.0,19.0,3.0,14.0,16.0,18.0,793.6932157,1245.264513,1.9245,0.020171480519480523,4580.157272727272
9.0,10.0,11.0,17.0,18.0,19.0,17.0,14.0,19.0,19.0,7.0,1.0,9.0,5.0,12.0,-1.0,16.0,15.0,15.0,3.0,8.0,1.0,14.0,-1.0,12.0,5.0,16.0,1558.031272,1155.137416,1.6329,0.015169402597402605,6098.948181818182
11.0,12.0,13.0,22.0,23.0,24.0,6.0,-1.0,9.0,19.0,11.0,15.0,2.0,18.0,20.0,7.0,0.0,8.0,10.0,14.0,11.0,15.0,0.0,14.0,5.0,9.0,9.0,1409.442654,1769.654435,1.6353,0.016101974025974023,6040.698181818182
16.0,17.0,18.0,5.0,22.0,23.0,20.0,12.0,17.0,4.0,16.0,14.0,14.0,9.0,20.0,17.0,19.0,20.0,6.0,-1.0,4.0,12.0,12.0,9.0,6.0,1.0,7.0,1149.206767,1521.074007,1.9543,0.019680909090909093,4609.9345454545455
7.0,8.0,9.0,9.0,10.0,11.0,5.0,2.0,20.0,8.0,7.0,0.0,10.0,11.0,12.0,16.0,2.0,14.0,0.0,9.0,0.0,14.0,11.0,16.0,11.0,17.0,4.0,818.5985716,1141.114564,2.17,0.019072935064935063,4281.465454545455
8.0,9.0,10.0,6.0,7.0,8.0,16.0,13.0,7.0,16.0,8.0,17.0,9.0,20.0,11.0,15.0,14.0,13.0,20.0,15.0,13.0,4.0,7.0,15.0,18.0,10.0,20.0,1370.140739,1820.395332,2.44,0.025737376623376627,3275.4836363636364
15.0,16.0,17.0,17.0,18.0,19.0,12.0,5.0,2.0,6.0,10.0,-1.0,17.0,20.0,-1.0,17.0,13.0,10.0,12.0,-1.0,10.0,17.0,5.0,15.0,18.0,3.0,6.0,1029.947786,691.0259921,1.4684,0.015518977272727268,6300.010909090909
21.0,22.0,23.0,17.0,18.0,19.0,5.0,10.0,3.0,9.0,2.0,9.0,18.0,19.0,18.0,0.0,1.0,9.0,15.0,14.0,14.0,12.0,2.0,3.0,4.0,12.0,0.0,1037.863448,1750.34694,1.3546,0.015822863636363642,6571.463636363637
7.0,8.0,9.0,22.0,8.0,23.0,12.0,5.0,10.0,12.0,7.0,19.0,0.0,0.0,11.0,6.0,14.0,16.0,3.0,14.0,19.0,7.0,17.0,12.0,5.0,-1.0,4.0,1282.60174,1199.216697,2.0956,0.025924597402597404,4658.013636363637
8.0,9.0,10.0,18.0,19.0,20.0,18.0,7.0,-1.0,6.0,0.0,17.0,10.0,15.0,5.0,1.0,16.0,6.0,1.0,9.0,11.0,5.0,1.0,16.0,5.0,10.0,0.0,1576.230604,985.6241724,1.6004,0.015416441558441558,6681.038181818183
14.0,15.0,16.0,18.0,19.0,20.0,18.0,19.0,1.0,14.0,6.0,3.0,10.0,13.0,20.0,13.0,5.0,-1.0,6.0,17.0,12.0,2.0,-1.0,6.0,1.0,4.0,9.0,1524.789236,1200.070304,1.367,0.015506623376623374,7513.27
9.0,10.0,11.0,14.0,15.0,16.0,2.0,-1.0,2.0,4.0,7.0,9.0,10.0,12.0,20.0,19.0,20.0,1.0,14.0,15.0,1.0,6.0,9.0,15.0,17.0,13.0,10.0,1542.121874,820.7468139,1.7815,0.016862779220779216,5530.51909090909
8.0,9.0,10.0,11.0,12.0,13.0,4.0,15.0,4.0,14.0,6.0,8.0,12.0,19.0,7.0,5.0,-1.0,19.0,1.0,8.0,8.0,0.0,5.0,3.0,-1.0,4.0,3.0,1399.405365,936.8318337,2.0025,0.023790545454545464,4991.83
7.0,8.0,9.0,5.0,22.0,23.0,12.0,15.0,11.0,2.0,5.0,7.0,10.0,20.0,1.0,-1.0,19.0,14.0,9.0,15.0,20.0,17.0,2.0,6.0,10.0,4.0,13.0,1349.316461,1324.053768,2.0965,0.022765662337662338,4559.811818181817
7.0,8.0,9.0,10.0,11.0,12.0,8.0,16.0,18.0,14.0,12.0,4.0,18.0,15.0,1.0,4.0,17.0,19.0,2.0,5.0,12.0,0.0,3.0,20.0,8.0,10.0,6.0,1126.139856,1383.202685,2.072,0.020030863636363628,4394.440909090909
9.0,10.0,11.0,14.0,15.0,16.0,20.0,15.0,10.0,4.0,13.0,2.0,1.0,0.0,8.0,6.0,8.0,5.0,18.0,17.0,11.0,2.0,3.0,14.0,20.0,17.0,9.0,767.3205402,1568.296743,1.8325,0.016485181818181815,5084.576363636364
19.0,20.0,21.0,5.0,22.0,23.0,1.0,13.0,19.0,14.0,14.0,8.0,4.0,9.0,5.0,3.0,4.0,18.0,14.0,17.0,14.0,2.0,1.0,17.0,19.0,15.0,10.0,1509.791403,706.343489,1.8798,0.02173906493506493,5098.554545454546
18.0,19.0,20.0,22.0,23.0,24.0,19.0,17.0,14.0,10.0,20.0,2.0,3.0,10.0,1.0,5.0,3.0,3.0,3.0,9.0,10.0,7.0,14.0,2.0,3.0,8.0,2.0,1433.64274,1762.293812,1.489,0.01574163636363636,6419.351818181818
12.0,13.0,14.0,13.0,14.0,15.0,13.0,0.0,16.0,12.0,8.0,17.0,14.0,18.0,17.0,11.0,0.0,0.0,13.0,19.0,14.0,9.0,16.0,1.0,3.0,15.0,16.0,964.1109582,852.3763276,1.7597,0.017217568181818178,5368.794545454546
18.0,19.0,20.0,17.0,18.0,19.0,2.0,4.0,1.0,2.0,2.0,2.0,13.0,4.0,15.0,8.0,10.0,19.0,20.0,13.0,11.0,15.0,13.0,18.0,19.0,18.0,13.0,1148.171233,764.266943,1.4149,0.016815363636363646,6453.387272727272
7.0,8.0,9.0,5.0,22.0,23.0,14.0,2.0,6.0,8.0,16.0,12.0,14.0,17.0,6.0,18.0,5.0,12.0,5.0,13.0,5.0,14.0,17.0,0.0,18.0,19.0,6.0,1703.501326,767.4665753,2.0985,0.021743220779220786,5047.751818181819
10.0,11.0,12.0,8.0,9.0,10.0,19.0,10.0,9.0,11.0,14.0,14.0,20.0,6.0,20.0,13.0,16.0,6.0,10.0,13.0,19.0,0.0,0.0,11.0,12.0,3.0,-1.0,1534.95197,1472.183136,2.1164,0.025165532467532458,4014.1954545454546
10.0,11.0,12.0,18.0,19.0,20.0,20.0,4.0,3.0,19.0,15.0,10.0,5.0,12.0,12.0,6.0,3.0,6.0,17.0,8.0,0.0,-1.0,7.0,20.0,15.0,5.0,-1.0,1537.970053,1208.765112,1.5404,0.016960415584415578,6441.762727272727
11.0,12.0,13.0,8.0,9.0,10.0,2.0,13.0,13.0,17.0,4.0,-1.0,15.0,4.0,-1.0,16.0,19.0,18.0,5.0,11.0,12.0,12.0,17.0,5.0,19.0,7.0,14.0,918.3370089,974.3435652,2.1297,0.020146795454545455,4146.314545454545
19.0,20.0,21.0,14.0,15.0,16.0,13.0,3.0,16.0,16.0,0.0,11.0,7.0,2.0,20.0,12.0,3.0,5.0,4.0,8.0,0.0,15.0,1.0,9.0,8.0,0.0,16.0,1814.957478,1530.924997,1.5238,0.015476931818181825,5843.246363636364
12.0,13.0,14.0,19.0,20.0,21.0,15.0,17.0,18.0,2.0,5.0,19.0,1.0,14.0,17.0,1.0,-1.0,14.0,10.0,16.0,6.0,7.0,4.0,20.0,15.0,10.0,4.0,1128.468845,1706.743653,1.3867,0.014575662337662344,7444.61
20.0,21.0,22.0,18.0,19.0,20.0,3.0,11.0,6.0,0.0,12.0,8.0,20.0,14.0,0.0,8.0,-1.0,11.0,15.0,-1.0,6.0,10.0,5.0,12.0,-1.0,1.0,9.0,1316.310486,1478.560381,1.2568,0.014767727272727267,7745.0427272727275
11.0,12.0,13.0,17.0,18.0,19.0,20.0,19.0,16.0,8.0,9.0,11.0,7.0,18.0,20.0,4.0,14.0,4.0,20.0,1.0,12.0,3.0,15.0,15.0,4.0,0.0,17.0,1355.589759,1268.87922,1.5417,0.015215350649350647,6212.120000000001
14.0,15.0,16.0,12.0,13.0,14.0,4.0,-1.0,9.0,1.0,-1.0,3.0,19.0,16.0,9.0,16.0,9.0,0.0,0.0,8.0,11.0,5.0,7.0,10.0,7.0,19.0,19.0,1828.743383,1293.236753,1.7043,0.01710288636363636,5518.284545454546
12.0,13.0,14.0,5.0,22.0,23.0,17.0,6.0,6.0,14.0,19.0,8.0,5.0,3.0,17.0,20.0,8.0,-1.0,8.0,15.0,7.0,17.0,18.0,14.0,11.0,10.0,16.0,660.9454334,1264.642375,2.0627,0.026173064935064928,4184.897272727272
8.0,9.0,10.0,7.0,8.0,9.0,2.0,8.0,-1.0,1.0,-1.0,9.0,9.0,-1.0,5.0,6.0,16.0,7.0,9.0,9.0,11.0,0.0,10.0,15.0,15.0,16.0,19.0,1069.482439,1449.494506,2.2681,0.020101499999999998,4133.206363636364
15.0,16.0,17.0,19.0,20.0,21.0,0.0,10.0,3.0,3.0,0.0,-1.0,11.0,18.0,0.0,9.0,5.0,9.0,-1.0,1.0,12.0,1.0,17.0,6.0,19.0,9.0,11.0,1171.250085,967.0927991,1.295,0.015447272727272726,7995.909090909091
10.0,11.0,12.0,22.0,23.0,24.0,16.0,10.0,19.0,18.0,17.0,7.0,6.0,9.0,2.0,15.0,3.0,15.0,6.0,1.0,1.0,9.0,2.0,8.0,15.0,-1.0,9.0,1437.434472,958.1037516,1.6784,0.01895885714285715,6167.262727272727
20.0,21.0,22.0,5.0,22.0,23.0,12.0,12.0,20.0,20.0,13.0,3.0,12.0,1.0,19.0,16.0,13.0,10.0,18.0,19.0,13.0,13.0,16.0,14.0,4.0,6.0,8.0,1663.423355,1473.290262,1.8849,0.02427366233766234,4812.711818181819
12.0,13.0,14.0,9.0,10.0,11.0,3.0,0.0,10.0,1.0,17.0,0.0,7.0,18.0,7.0,3.0,4.0,6.0,12.0,20.0,17.0,17.0,3.0,8.0,13.0,15.0,5.0,694.9887115,1476.343542,2.0574,0.021806818181818177,4000.181818181819
14.0,15.0,16.0,8.0,9.0,10.0,15.0,16.0,0.0,1.0,4.0,18.0,10.0,-1.0,9.0,5.0,19.0,17.0,15.0,18.0,0.0,8.0,14.0,4.0,5.0,11.0,12.0,922.7776672,1114.777066,2.0184,0.02209904545454545,4199.202727272727
10.0,11.0,12.0,11.0,12.0,13.0,17.0,16.0,-1.0,17.0,10.0,3.0,8.0,8.0,10.0,13.0,2.0,19.0,5.0,7.0,-1.0,11.0,2.0,15.0,1.0,7.0,20.0,1668.312151,1488.034342,1.8929,0.02170525,4843.424545454545
9.0,10.0,11.0,15.0,16.0,17.0,18.0,20.0,12.0,8.0,11.0,10.0,17.0,2.0,17.0,16.0,1.0,-1.0,9.0,4.0,9.0,13.0,0.0,4.0,8.0,8.0,1.0,976.7347587,708.9884625,1.722,0.01652246753246753,5924.04
18.0,19.0,20.0,15.0,16.0,17.0,1.0,1.0,6.0,11.0,6.0,3.0,10.0,1.0,0.0,11.0,-1.0,12.0,2.0,-1.0,7.0,6.0,0.0,10.0,8.0,11.0,16.0,679.2077,645.125,1.4845,0.015272597402597411,6574.558181818182
16.0,17.0,18.0,19.0,20.0,21.0,12.0,9.0,0.0,20.0,2.0,17.0,7.0,5.0,20.0,9.0,13.0,-1.0,17.0,2.0,14.0,15.0,5.0,18.0,3.0,11.0,16.0,1482.191178,837.4602758,1.2437,0.014426519480519482,8488.187272727273
12.0,13.0,14.0,17.0,18.0,19.0,17.0,5.0,18.0,20.0,14.0,7.0,-1.0,8.0,5.0,7.0,2.0,19.0,16.0,5.0,18.0,16.0,13.0,12.0,5.0,9.0,0.0,1672.072898,1689.198484,1.4983,0.014115714285714289,6228.005454545454
11.0,12.0,13.0,7.0,8.0,9.0,15.0,4.0,7.0,6.0,18.0,13.0,18.0,4.0,0.0,5.0,19.0,6.0,5.0,1.0,3.0,9.0,5.0,13.0,18.0,1.0,9.0,659.289684,1260.523371,2.2936,0.02081265909090909,3830.4209090909094
21.0,22.0,23.0,15.0,16.0,17.0,10.0,-1.0,19.0,5.0,12.0,2.0,18.0,6.0,8.0,10.0,1.0,16.0,11.0,9.0,16.0,4.0,7.0,18.0,0.0,4.0,17.0,1458.822445,1779.882944,1.3956,0.014519977272727268,6667.012727272729
11.0,12.0,13.0,15.0,16.0,17.0,3.0,13.0,4.0,3.0,15.0,15.0,0.0,4.0,1.0,6.0,6.0,19.0,16.0,5.0,9.0,20.0,11.0,0.0,4.0,3.0,14.0,1689.489324,746.0493183,1.6051,0.016271038961038962,6366.380000000001
8.0,9.0,10.0,19.0,20.0,21.0,0.0,1.0,2.0,8.0,5.0,20.0,0.0,13.0,4.0,4.0,3.0,10.0,1.0,13.0,13.0,20.0,14.0,12.0,10.0,16.0,9.0,1338.637072,888.644249,1.5712,0.015256493506493513,6640.239090909091
12.0,13.0,14.0,7.0,8.0,9.0,7.0,2.0,1.0,2.0,20.0,12.0,8.0,11.0,11.0,5.0,12.0,1.0,16.0,8.0,3.0,7.0,12.0,-1.0,4.0,15.0,6.0,1842.055091,1749.630536,2.1164,0.02305379545454546,4104.396363636363
12.0,13.0,14.0,12.0,13.0,14.0,9.0,-1.0,2.0,5.0,6.0,15.0,5.0,1.0,14.0,4.0,0.0,10.0,13.0,-1.0,4.0,11.0,12.0,18.0,20.0,17.0,16.0,1609.614557,1524.82986,1.7591,0.017913636363636364,5038.748181818183
11.0,12.0,13.0,18.0,19.0,20.0,3.0,18.0,17.0,16.0,9.0,5.0,8.0,20.0,14.0,19.0,16.0,20.0,16.0,8.0,20.0,6.0,14.0,13.0,8.0,-1.0,8.0,1589.292797,1305.538173,1.4855,0.014378129870129873,6848.349090909091
10.0,11.0,12.0,7.0,8.0,9.0,10.0,-1.0,20.0,3.0,4.0,4.0,4.0,14.0,13.0,4.0,11.0,11.0,20.0,0.0,7.0,16.0,11.0,5.0,2.0,4.0,13.0,1629.467509,1572.295483,2.1947,0.02643735064935065,3875.4418181818187
17.0,18.0,19.0,17.0,18.0,19.0,17.0,17.0,11.0,2.0,11.0,13.0,9.0,15.0,11.0,1.0,20.0,7.0,8.0,7.0,0.0,13.0,-1.0,16.0,13.0,18.0,20.0,1241.000895,641.612932,1.3986,0.015501749999999998,6766.075454545455
9.0,10.0,11.0,10.0,11.0,12.0,15.0,3.0,15.0,7.0,11.0,18.0,-1.0,19.0,9.0,19.0,-1.0,0.0,15.0,4.0,6.0,4.0,6.0,2.0,16.0,11.0,10.0,766.0488769,1290.329274,2.0728,0.019411363636363636,4363.983636363636
22.0,23.0,24.0,19.0,20.0,21.0,9.0,3.0,20.0,0.0,5.0,-1.0,8.0,14.0,13.0,13.0,20.0,2.0,17.0,4.0,9.0,2.0,8.0,14.0,9.0,14.0,12.0,813.3920771,1094.956849,1.1561,0.013924295454545453,8048.94
16.0,17.0,18.0,12.0,13.0,14.0,5.0,18.0,-1.0,18.0,-1.0,8.0,8.0,-1.0,9.0,13.0,-1.0,4.0,10.0,7.0,0.0,0.0,9.0,13.0,6.0,5.0,11.0,745.543466,1683.684799,1.7672,0.01778943181818182,4862.787272727272
9.0,10.0,11.0,10.0,11.0,12.0,6.0,-1.0,14.0,11.0,9.0,14.0,19.0,9.0,-1.0,8.0,9.0,13.0,12.0,20.0,-1.0,0.0,18.0,11.0,20.0,12.0,13.0,1185.555076,1351.07544,2.064,0.01846768831168831,4374.625454545455
17.0,18.0,19.0,11.0,12.0,13.0,17.0,4.0,5.0,20.0,14.0,11.0,16.0,16.0,11.0,18.0,15.0,0.0,4.0,10.0,-1.0,20.0,7.0,11.0,9.0,0.0,3.0,1852.526096,1107.771706,1.6914,0.017576961038961034,5439.840909090909
7.0,8.0,9.0,22.0,8.0,23.0,0.0,7.0,2.0,10.0,20.0,8.0,14.0,15.0,8.0,16.0,7.0,15.0,11.0,19.0,16.0,5.0,10.0,19.0,2.0,16.0,13.0,943.6365301,1753.035131,2.1445,0.021234337662337663,4199.296363636363
7.0,8.0,9.0,10.0,11.0,12.0,11.0,5.0,11.0,9.0,18.0,4.0,0.0,9.0,14.0,8.0,4.0,20.0,20.0,19.0,18.0,14.0,1.0,9.0,6.0,6.0,20.0,1272.378763,1170.024569,2.1194,0.01910031168831169,4495.958181818181
17.0,18.0,19.0,13.0,14.0,15.0,15.0,20.0,2.0,1.0,10.0,16.0,-1.0,0.0,1.0,11.0,5.0,1.0,16.0,15.0,10.0,14.0,6.0,18.0,9.0,1.0,10.0,1623.408859,873.5189605,1.6291,0.017229931818181807,5597.063636363637
22.0,23.0,24.0,22.0,23.0,24.0,9.0,16.0,10.0,18.0,4.0,12.0,20.0,3.0,7.0,13.0,6.0,6.0,-1.0,3.0,7.0,8.0,13.0,17.0,0.0,13.0,5.0,1658.816201,1707.634071,1.416,0.016814883116883117,6468.675454545455
8.0,9.0,10.0,22.0,8.0,23.0,5.0,12.0,-1.0,13.0,13.0,5.0,3.0,8.0,19.0,4.0,16.0,10.0,-1.0,18.0,-1.0,11.0,11.0,16.0,16.0,4.0,15.0,1484.70876,1174.079306,2.0714,0.024012623376623375,4626.4918181818175
7.0,8.0,9.0,22.0,8.0,23.0,8.0,17.0,20.0,16.0,6.0,17.0,13.0,11.0,7.0,1.0,8.0,2.0,20.0,14.0,16.0,14.0,6.0,15.0,13.0,8.0,11.0,906.7240319,1803.487691,2.1591,0.020788233766233757,4142.772727272727
10.0,11.0,12.0,5.0,22.0,23.0,16.0,-1.0,9.0,2.0,17.0,13.0,5.0,5.0,3.0,1.0,16.0,19.0,15.0,1.0,10.0,1.0,15.0,16.0,7.0,12.0,15.0,1424.449393,757.4396631,2.03,0.023088545454545452,4832.507272727273
21.0,22.0,23.0,22.0,8.0,23.0,14.0,7.0,1.0,-1.0,2.0,16.0,3.0,11.0,16.0,8.0,2.0,9.0,9.0,16.0,7.0,4.0,4.0,3.0,16.0,20.0,16.0,1556.549939,1562.556424,1.8363,0.02347911688311688,4790.003636363637
14.0,15.0,16.0,15.0,16.0,17.0,9.0,6.0,4.0,18.0,19.0,7.0,16.0,10.0,-1.0,12.0,1.0,6.0,16.0,20.0,15.0,7.0,12.0,1.0,5.0,-1.0,4.0,1677.066652,833.4899262,1.5081,0.014771886363636357,6597.000909090909
17.0,18.0,19.0,22.0,23.0,24.0,2.0,10.0,0.0,10.0,20.0,12.0,14.0,17.0,7.0,3.0,15.0,20.0,14.0,9.0,2.0,8.0,16.0,16.0,13.0,14.0,0.0,842.7327577,1128.798282,1.5171,0.018937974025974025,6198.399090909091
8.0,9.0,10.0,12.0,13.0,14.0,18.0,11.0,3.0,16.0,11.0,5.0,19.0,8.0,7.0,17.0,17.0,17.0,14.0,-1.0,12.0,17.0,6.0,2.0,19.0,6.0,9.0,1418.0735,1730.750568,1.915,0.018875272727272727,4905.391818181818
10.0,11.0,12.0,9.0,10.0,11.0,9.0,-1.0,13.0,4.0,14.0,10.0,13.0,16.0,1.0,1.0,5.0,20.0,7.0,19.0,2.0,16.0,7.0,5.0,2.0,18.0,7.0,1552.511772,1152.567767,2.0379,0.021996025974025973,4401.16090909091
7.0,8.0,9.0,10.0,11.0,12.0,4.0,2.0,9.0,4.0,12.0,18.0,8.0,4.0,19.0,14.0,6.0,17.0,10.0,4.0,10.0,-1.0,9.0,17.0,4.0,20.0,8.0,939.9809663,899.0898868,2.144,0.021273318181818185,4385.329090909091
15.0,16.0,17.0,13.0,14.0,15.0,10.0,6.0,4.0,5.0,18.0,2.0,5.0,1.0,6.0,16.0,1.0,17.0,10.0,5.0,2.0,5.0,17.0,13.0,20.0,5.0,2.0,714.4255314,699.060595,1.7453,0.02070806818181817,5116.402727272727
16.0,17.0,18.0,14.0,15.0,16.0,-1.0,14.0,3.0,7.0,5.0,13.0,1.0,4.0,12.0,1.0,14.0,20.0,2.0,5.0,4.0,-1.0,1.0,5.0,1.0,9.0,19.0,1133.535678,1278.605166,1.6185,0.015772363636363647,5505.800909090909
16.0,17.0,18.0,15.0,16.0,17.0,4.0,20.0,3.0,19.0,12.0,5.0,3.0,16.0,11.0,13.0,1.0,7.0,12.0,6.0,6.0,3.0,2.0,0.0,20.0,-1.0,9.0,1806.601833,1316.538882,1.4651,0.01441737662337662,6381.933636363637
8.0,9.0,10.0,19.0,20.0,21.0,0.0,14.0,11.0,19.0,17.0,18.0,8.0,20.0,5.0,11.0,14.0,0.0,0.0,18.0,7.0,13.0,14.0,6.0,11.0,-1.0,14.0,1221.771448,1119.612599,1.5961,0.01658085714285715,6374.380909090909
16.0,17.0,18.0,10.0,11.0,12.0,12.0,10.0,14.0,19.0,4.0,19.0,9.0,-1.0,0.0,8.0,10.0,9.0,1.0,7.0,11.0,5.0,18.0,0.0,12.0,9.0,16.0,1781.684615,1862.279386,1.7686,0.015516077922077926,5007.846363636363
16.0,17.0,18.0,22.0,23.0,24.0,7.0,4.0,17.0,11.0,14.0,14.0,18.0,20.0,-1.0,9.0,13.0,3.0,9.0,19.0,17.0,7.0,14.0,9.0,17.0,13.0,1.0,1694.33275,1555.455838,1.5057,0.01709020779220779,6253.364545454545
21.0,22.0,23.0,22.0,8.0,23.0,6.0,12.0,10.0,4.0,17.0,14.0,9.0,11.0,8.0,13.0,4.0,20.0,13.0,15.0,20.0,19.0,12.0,14.0,18.0,-1.0,0.0,979.5230917,1438.130632,1.8673,0.027824155844155842,4408.041818181818
21.0,22.0,23.0,17.0,18.0,19.0,2.0,10.0,20.0,14.0,18.0,3.0,8.0,18.0,3.0,13.0,1.0,8.0,19.0,8.0,-1.0,19.0,6.0,7.0,6.0,5.0,3.0,1595.769603,1354.098466,1.3455,0.015940571428571425,6666.272727272727
16.0,17.0,18.0,15.0,16.0,17.0,8.0,4.0,-1.0,19.0,17.0,9.0,11.0,2.0,13.0,15.0,8.0,20.0,8.0,10.0,17.0,-1.0,18.0,7.0,0.0,1.0,12.0,779.6370602,1181.618355,1.4929,0.01512563636363637,6316.447272727272
13.0,14.0,15.0,22.0,23.0,24.0,17.0,7.0,13.0,4.0,6.0,5.0,20.0,8.0,0.0,8.0,12.0,1.0,4.0,19.0,15.0,18.0,15.0,3.0,11.0,4.0,10.0,822.4158424,682.6021715,1.5991,0.018832181818181828,6292.382727272728
17.0,18.0,19.0,19.0,20.0,21.0,5.0,14.0,13.0,5.0,7.0,13.0,6.0,14.0,0.0,17.0,2.0,3.0,19.0,3.0,20.0,19.0,1.0,6.0,6.0,15.0,3.0,852.3695724,1427.846631,1.2574,0.014366977272727266,8007.28909090909
13.0,14.0,15.0,18.0,19.0,20.0,11.0,2.0,17.0,19.0,5.0,1.0,6.0,8.0,7.0,-1.0,6.0,0.0,10.0,12.0,18.0,-1.0,15.0,17.0,3.0,8.0,6.0,1343.756315,1802.466991,1.3958,0.015530103896103896,7115.400000000001
10.0,11.0,12.0,15.0,16.0,17.0,1.0,19.0,0.0,10.0,12.0,9.0,6.0,0.0,18.0,0.0,1.0,7.0,12.0,15.0,14.0,15.0,18.0,9.0,2.0,2.0,5.0,711.6433851,1091.019445,1.7129,0.017368259740259743,5747.119090909091
19.0,20.0,21.0,15.0,16.0,17.0,0.0,18.0,5.0,3.0,1.0,6.0,11.0,10.0,16.0,14.0,15.0,13.0,0.0,17.0,9.0,17.0,1.0,4.0,3.0,18.0,5.0,1006.494064,769.2081201,1.45,0.014934022727272726,6595.159090909091
13.0,14.0,15.0,16.0,17.0,18.0,11.0,14.0,15.0,18.0,10.0,17.0,16.0,7.0,20.0,0.0,3.0,3.0,20.0,15.0,-1.0,9.0,18.0,3.0,20.0,7.0,6.0,1035.281683,1303.817043,1.5264,0.01543581818181819,6180.070909090909
13.0,14.0,15.0,9.0,10.0,11.0,12.0,3.0,3.0,13.0,3.0,0.0,18.0,-1.0,8.0,3.0,2.0,2.0,18.0,2.0,5.0,16.0,3.0,7.0,3.0,19.0,12.0,1367.611223,1071.673048,1.9756,0.01935190909090909,4438.1163636363635
13.0,14.0,15.0,13.0,14.0,15.0,10.0,6.0,17.0,13.0,19.0,4.0,20.0,14.0,12.0,18.0,20.0,5.0,18.0,4.0,9.0,1.0,19.0,8.0,20.0,8.0,6.0,873.075478,1020.67873,1.7645,0.018275477272727273,5034.380909090909
20.0,21.0,22.0,19.0,20.0,21.0,2.0,5.0,1.0,17.0,15.0,15.0,11.0,-1.0,10.0,19.0,0.0,12.0,18.0,11.0,8.0,1.0,14.0,3.0,7.0,17.0,14.0,1501.210881,1242.681306,1.1698,0.013108295454545454,8328.03
9.0,10.0,11.0,16.0,17.0,18.0,8.0,7.0,5.0,15.0,9.0,9.0,2.0,10.0,14.0,18.0,18.0,10.0,20.0,18.0,1.0,15.0,5.0,0.0,1.0,5.0,6.0,753.3379121,679.430796,1.7174,0.01654062337662338,5838.890909090909
8.0,9.0,10.0,9.0,10.0,11.0,16.0,12.0,9.0,9.0,-1.0,2.0,1.0,15.0,10.0,13.0,16.0,-1.0,5.0,7.0,2.0,11.0,12.0,2.0,20.0,11.0,0.0,1013.867012,1326.509508,2.1345,0.01931115909090909,4189.415454545455
13.0,14.0,15.0,8.0,9.0,10.0,16.0,6.0,6.0,19.0,12.0,11.0,0.0,15.0,11.0,3.0,1.0,19.0,2.0,10.0,2.0,6.0,18.0,1.0,17.0,6.0,10.0,809.099567,1229.840408,2.093,0.02537820454545454,3985.335454545454
14.0,15.0,16.0,11.0,12.0,13.0,6.0,17.0,10.0,16.0,19.0,18.0,20.0,7.0,8.0,1.0,11.0,2.0,19.0,0.0,15.0,6.0,16.0,9.0,14.0,10.0,0.0,1755.667537,1148.687771,1.7176,0.01664765909090908,5432.212727272727
8.0,9.0,10.0,16.0,17.0,18.0,6.0,15.0,1.0,16.0,7.0,-1.0,11.0,10.0,17.0,5.0,20.0,7.0,19.0,4.0,20.0,8.0,9.0,13.0,11.0,17.0,0.0,1157.831358,877.6650246,1.7164,0.01648345454545454,5757.867272727272
7.0,8.0,9.0,8.0,9.0,10.0,12.0,1.0,8.0,1.0,8.0,15.0,20.0,15.0,7.0,9.0,9.0,12.0,2.0,13.0,14.0,15.0,18.0,7.0,18.0,1.0,19.0,1780.455823,1406.129097,2.1373,0.023734389610389615,4313.149090909091
12.0,13.0,14.0,13.0,14.0,15.0,2.0,14.0,18.0,15.0,1.0,5.0,7.0,3.0,0.0,18.0,1.0,14.0,3.0,16.0,15.0,1.0,5.0,15.0,7.0,1.0,18.0,1547.120145,857.059476,1.7448,0.015835480519480517,5694.332727272727
12.0,13.0,14.0,10.0,11.0,12.0,18.0,14.0,14.0,17.0,9.0,18.0,9.0,20.0,1.0,18.0,13.0,2.0,15.0,9.0,13.0,20.0,20.0,10.0,16.0,12.0,11.0,1502.459724,902.9752691,1.9024,0.024468363636363632,4756.219090909091
16.0,17.0,18.0,16.0,17.0,18.0,19.0,14.0,17.0,18.0,1.0,1.0,6.0,3.0,20.0,8.0,2.0,17.0,3.0,3.0,2.0,6.0,11.0,18.0,6.0,5.0,0.0,1217.966441,1274.451178,1.4654,0.017535454545454545,6296.044545454544
12.0,13.0,14.0,15.0,16.0,17.0,2.0,8.0,2.0,16.0,19.0,7.0,18.0,11.0,15.0,17.0,2.0,6.0,16.0,2.0,5.0,20.0,15.0,13.0,8.0,19.0,7.0,1871.320164,1595.345689,1.5593,0.015236207792207794,6144.017272727273
19.0,20.0,21.0,19.0,20.0,21.0,16.0,9.0,8.0,7.0,2.0,13.0,12.0,3.0,19.0,15.0,15.0,2.0,-1.0,18.0,14.0,6.0,13.0,14.0,20.0,5.0,15.0,1769.157679,1682.26488,1.1946,0.013771249999999995,8191.659999999998
19.0,20.0,21.0,17.0,18.0,19.0,19.0,8.0,11.0,1.0,8.0,-1.0,14.0,7.0,9.0,10.0,12.0,18.0,7.0,16.0,1.0,-1.0,3.0,7.0,1.0,7.0,-1.0,1079.455707,1719.999183,1.382,0.015138704545454539,6571.850909090909
11.0,12.0,13.0,11.0,12.0,13.0,13.0,19.0,4.0,5.0,5.0,5.0,4.0,19.0,8.0,0.0,18.0,18.0,18.0,9.0,1.0,4.0,13.0,16.0,1.0,7.0,2.0,1728.783936,1159.232272,1.8551,0.019961610389610394,5235.283636363636
15.0,16.0,17.0,13.0,14.0,15.0,8.0,5.0,19.0,2.0,13.0,16.0,20.0,6.0,19.0,0.0,-1.0,13.0,1.0,8.0,10.0,5.0,7.0,4.0,16.0,16.0,0.0,1621.84956,1400.835538,1.6776,0.01722329545454546,5190.9400000000005
14.0,15.0,16.0,11.0,12.0,13.0,7.0,15.0,1.0,12.0,8.0,14.0,18.0,19.0,4.0,13.0,18.0,15.0,9.0,9.0,2.0,20.0,14.0,1.0,9.0,0.0,5.0,640.3573308,1616.329777,1.8493,0.01755468181818182,4563.563636363636
9.0,10.0,11.0,18.0,19.0,20.0,5.0,6.0,18.0,7.0,18.0,20.0,7.0,16.0,11.0,8.0,5.0,17.0,1.0,6.0,15.0,9.0,20.0,20.0,17.0,7.0,11.0,1601.686383,1693.426777,1.5595,0.014676987012987008,6494.313636363636
8.0,9.0,10.0,17.0,18.0,19.0,16.0,20.0,8.0,8.0,14.0,1.0,16.0,14.0,6.0,6.0,18.0,0.0,1.0,15.0,4.0,9.0,19.0,14.0,8.0,13.0,11.0,845.4454154,1774.998338,1.7253,0.016239402597402607,5422.203636363635
17.0,18.0,19.0,15.0,16.0,17.0,14.0,8.0,9.0,3.0,14.0,6.0,14.0,8.0,12.0,8.0,8.0,0.0,4.0,7.0,2.0,15.0,6.0,4.0,14.0,15.0,15.0,1362.953373,625.001253,1.464,0.015221740259740267,6758.976363636363
12.0,13.0,14.0,18.0,19.0,20.0,19.0,2.0,17.0,10.0,16.0,7.0,14.0,1.0,9.0,15.0,12.0,19.0,13.0,7.0,16.0,17.0,4.0,15.0,13.0,12.0,0.0,671.5659392,780.5418495,1.4593,0.014515376623376637,7114.286363636363
8.0,9.0,10.0,13.0,14.0,15.0,12.0,2.0,20.0,7.0,7.0,6.0,1.0,2.0,1.0,6.0,19.0,-1.0,4.0,12.0,18.0,15.0,4.0,16.0,2.0,10.0,19.0,1277.800276,1132.431153,1.9223,0.020279204545454545,5000.674545454546
19.0,20.0,21.0,15.0,16.0,17.0,3.0,2.0,5.0,17.0,12.0,1.0,1.0,6.0,17.0,13.0,13.0,17.0,7.0,8.0,18.0,19.0,16.0,9.0,-1.0,19.0,4.0,1463.084119,989.9988943,1.4355,0.01559502272727273,6633.816363636363
18.0,19.0,20.0,22.0,8.0,23.0,8.0,5.0,10.0,12.0,-1.0,6.0,-1.0,2.0,17.0,10.0,1.0,3.0,19.0,6.0,15.0,10.0,4.0,-1.0,13.0,10.0,9.0,1686.631065,779.0828784,1.8431,0.020228136363636365,4899.218181818182
11.0,12.0,13.0,17.0,18.0,19.0,7.0,9.0,0.0,16.0,13.0,5.0,19.0,1.0,12.0,3.0,0.0,5.0,2.0,-1.0,18.0,3.0,12.0,8.0,10.0,15.0,20.0,1550.831176,982.2237983,1.5391,0.014796831168831182,6307.149090909091
9.0,10.0,11.0,5.0,22.0,23.0,-1.0,1.0,9.0,6.0,3.0,18.0,18.0,20.0,14.0,15.0,3.0,12.0,14.0,11.0,9.0,3.0,7.0,2.0,14.0,4.0,14.0,1787.362249,1559.640713,2.0438,0.02371135064935065,4483.897272727272
11.0,12.0,13.0,16.0,17.0,18.0,5.0,15.0,17.0,12.0,10.0,5.0,8.0,16.0,17.0,0.0,19.0,16.0,1.0,20.0,9.0,2.0,-1.0,2.0,13.0,7.0,7.0,1513.036756,1826.098731,1.5708,0.014984022727272733,5914.746363636362
14.0,15.0,16.0,17.0,18.0,19.0,10.0,8.0,13.0,12.0,1.0,9.0,1.0,17.0,18.0,0.0,14.0,5.0,-1.0,13.0,6.0,13.0,18.0,11.0,-1.0,3.0,6.0,630.9232318,1255.203685,1.4873,0.014455584415584415,6151.747272727272
12.0,13.0,14.0,11.0,12.0,13.0,6.0,0.0,20.0,20.0,15.0,8.0,17.0,18.0,14.0,3.0,0.0,10.0,12.0,8.0,13.0,20.0,12.0,10.0,20.0,17.0,9.0,952.608205,1205.434909,1.8863,0.020364727272727274,4788.339090909091
15.0,16.0,17.0,9.0,10.0,11.0,0.0,2.0,17.0,0.0,19.0,2.0,0.0,19.0,9.0,3.0,17.0,12.0,7.0,11.0,13.0,2.0,12.0,12.0,12.0,11.0,-1.0,1656.147683,1301.074578,1.9422,0.0236183896103896,4331.760000000001
14.0,15.0,16.0,5.0,22.0,23.0,16.0,18.0,8.0,17.0,12.0,19.0,7.0,7.0,15.0,8.0,15.0,18.0,8.0,14.0,20.0,8.0,0.0,17.0,3.0,18.0,16.0,1718.044391,1526.294097,1.906,0.024711610389610384,5017.353636363637
10.0,11.0,12.0,8.0,9.0,10.0,2.0,2.0,7.0,17.0,15.0,19.0,5.0,18.0,6.0,14.0,17.0,12.0,13.0,14.0,18.0,8.0,9.0,6.0,17.0,2.0,1.0,673.7881742,1046.457826,2.1963,0.02113679545454545,3999.435454545455
18.0,19.0,20.0,17.0,18.0,19.0,2.0,17.0,7.0,5.0,4.0,8.0,3.0,18.0,6.0,0.0,6.0,-1.0,-1.0,10.0,14.0,19.0,6.0,17.0,15.0,5.0,1.0,1443.168408,754.2661893,1.381,0.016429350649350655,6832.853636363637
15.0,16.0,17.0,14.0,15.0,16.0,17.0,6.0,20.0,13.0,13.0,7.0,-1.0,19.0,6.0,12.0,17.0,9.0,5.0,13.0,19.0,16.0,-1.0,10.0,18.0,9.0,5.0,1636.48167,802.5302712,1.616,0.01754706818181818,5616.153636363636
15.0,16.0,17.0,19.0,20.0,21.0,-1.0,18.0,1.0,18.0,4.0,11.0,2.0,15.0,2.0,17.0,9.0,16.0,9.0,14.0,9.0,14.0,18.0,0.0,2.0,15.0,18.0,1375.128781,1110.749744,1.281,0.01508925,8254.404545454543
16.0,17.0,18.0,16.0,17.0,18.0,14.0,7.0,19.0,5.0,10.0,2.0,14.0,17.0,0.0,0.0,13.0,18.0,0.0,6.0,1.0,13.0,17.0,1.0,7.0,3.0,5.0,1181.127944,751.2012674,1.4582,0.01596863636363637,6497.971818181818
12.0,13.0,14.0,22.0,23.0,24.0,10.0,10.0,18.0,11.0,10.0,19.0,-1.0,7.0,17.0,0.0,15.0,16.0,19.0,6.0,7.0,15.0,6.0,10.0,12.0,13.0,1.0,1857.977946,818.5850484,1.571,0.017934727272727272,6813.045454545455
21.0,22.0,23.0,15.0,16.0,17.0,15.0,4.0,3.0,20.0,8.0,0.0,6.0,19.0,11.0,14.0,20.0,12.0,10.0,4.0,6.0,5.0,3.0,9.0,0.0,2.0,17.0,735.8850423,1367.790684,1.4314,0.01494041558441559,6317.169090909091
20.0,21.0,22.0,15.0,16.0,17.0,1.0,20.0,11.0,5.0,6.0,16.0,12.0,8.0,1.0,7.0,2.0,20.0,4.0,11.0,14.0,-1.0,18.0,8.0,11.0,5.0,-1.0,1563.360373,1543.926404,1.4208,0.015018051948051957,6558.3045454545445
21.0,22.0,23.0,17.0,18.0,19.0,13.0,18.0,-1.0,9.0,3.0,6.0,19.0,18.0,7.0,17.0,12.0,2.0,17.0,14.0,6.0,7.0,17.0,12.0,-1.0,2.0,13.0,1135.812498,984.1541681,1.3594,0.015879409090909093,6625.5663636363615
7.0,8.0,9.0,7.0,8.0,9.0,8.0,2.0,1.0,14.0,6.0,5.0,5.0,10.0,13.0,16.0,6.0,9.0,3.0,17.0,5.0,0.0,20.0,8.0,8.0,-1.0,0.0,1224.599705,1727.917096,2.2804,0.02078833766233766,3736.5836363636363
20.0,21.0,22.0,22.0,23.0,24.0,20.0,4.0,8.0,17.0,4.0,19.0,6.0,9.0,11.0,7.0,18.0,9.0,3.0,11.0,16.0,10.0,14.0,1.0,6.0,4.0,11.0,637.6240562,652.7133687,1.4899,0.02003976623376623,6387.600909090909
12.0,13.0,14.0,9.0,10.0,11.0,8.0,12.0,12.0,2.0,9.0,2.0,14.0,-1.0,9.0,9.0,5.0,7.0,0.0,-1.0,17.0,15.0,19.0,-1.0,12.0,0.0,8.0,1226.353036,1850.82428,1.9777,0.017253954545454545,4374.127272727273
17.0,18.0,19.0,16.0,17.0,18.0,5.0,1.0,19.0,6.0,5.0,17.0,17.0,4.0,0.0,17.0,9.0,1.0,17.0,2.0,11.0,12.0,10.0,0.0,18.0,6.0,2.0,1757.669912,1234.685995,1.4482,0.019800431818181818,6232.060909090909
19.0,20.0,21.0,22.0,23.0,24.0,9.0,9.0,0.0,2.0,16.0,12.0,13.0,-1.0,15.0,11.0,19.0,9.0,17.0,6.0,2.0,13.0,7.0,16.0,2.0,18.0,11.0,1255.884139,1662.493784,1.4761,0.015202961038961042,6413.045454545455
13.0,14.0,15.0,10.0,11.0,12.0,3.0,15.0,3.0,2.0,18.0,5.0,0.0,14.0,1.0,6.0,0.0,13.0,14.0,3.0,17.0,1.0,13.0,14.0,5.0,1.0,1.0,958.9498546,1083.172904,1.9558,0.020995159090909092,4448.577272727273
22.0,23.0,24.0,16.0,17.0,18.0,3.0,3.0,8.0,10.0,19.0,18.0,6.0,9.0,6.0,10.0,2.0,14.0,-1.0,7.0,6.0,-1.0,-1.0,8.0,10.0,-1.0,3.0,1495.671712,1271.784895,1.368,0.01917720454545455,6739.96909090909
21.0,22.0,23.0,19.0,20.0,21.0,18.0,20.0,10.0,8.0,13.0,16.0,1.0,9.0,18.0,14.0,4.0,20.0,4.0,13.0,7.0,4.0,12.0,11.0,4.0,14.0,14.0,1777.413493,757.600273,1.1552,0.013841136363636358,8295.913636363637
18.0,19.0,20.0,22.0,23.0,24.0,13.0,5.0,17.0,9.0,16.0,2.0,6.0,17.0,20.0,13.0,6.0,-1.0,-1.0,9.0,2.0,3.0,-1.0,10.0,12.0,8.0,7.0,850.3918509,1164.876819,1.5143,0.01736366233766234,6219.400909090909
7.0,8.0,9.0,9.0,10.0,11.0,17.0,16.0,14.0,11.0,15.0,12.0,20.0,2.0,17.0,9.0,10.0,5.0,11.0,-1.0,3.0,11.0,1.0,13.0,9.0,17.0,15.0,1346.806149,1756.613369,2.1223,0.022030363636363636,4080.523636363636
14.0,15.0,16.0,14.0,15.0,16.0,11.0,7.0,20.0,18.0,7.0,13.0,-1.0,10.0,17.0,0.0,10.0,17.0,18.0,19.0,9.0,0.0,7.0,3.0,5.0,6.0,1.0,1605.251593,857.2116335,1.6171,0.015700181818181825,5738.122727272727
15.0,16.0,17.0,22.0,8.0,23.0,4.0,11.0,7.0,19.0,18.0,13.0,15.0,-1.0,7.0,0.0,7.0,6.0,0.0,11.0,10.0,16.0,1.0,7.0,3.0,20.0,6.0,904.2349584,1559.704501,1.9252,0.02685423376623377,4331.48
14.0,15.0,16.0,17.0,18.0,19.0,16.0,8.0,0.0,19.0,18.0,11.0,17.0,6.0,7.0,9.0,18.0,3.0,15.0,8.0,0.0,7.0,14.0,2.0,18.0,-1.0,8.0,796.3184367,1527.655218,1.4699,0.013593532467532459,6234.871818181818
16.0,17.0,18.0,10.0,11.0,12.0,17.0,13.0,9.0,1.0,4.0,19.0,12.0,11.0,13.0,6.0,6.0,18.0,9.0,7.0,2.0,0.0,15.0,3.0,-1.0,2.0,0.0,716.7630195,1383.127396,1.9021,0.02253559090909091,4315.746363636365
18.0,19.0,20.0,16.0,17.0,18.0,12.0,6.0,9.0,2.0,17.0,17.0,9.0,2.0,5.0,20.0,9.0,7.0,3.0,17.0,17.0,8.0,19.0,7.0,15.0,16.0,0.0,913.5442769,626.55229,1.4412,0.01883672727272728,6478.685454545455
13.0,14.0,15.0,15.0,16.0,17.0,8.0,19.0,7.0,0.0,17.0,1.0,12.0,9.0,2.0,16.0,12.0,16.0,1.0,15.0,18.0,8.0,9.0,16.0,4.0,20.0,12.0,1873.5031,1648.871365,1.5021,0.014543454545454556,6527.206363636364
10.0,11.0,12.0,9.0,10.0,11.0,0.0,9.0,16.0,2.0,14.0,1.0,-1.0,7.0,4.0,20.0,8.0,5.0,5.0,7.0,4.0,7.0,-1.0,15.0,3.0,14.0,0.0,1228.062961,912.4451334,2.0462,0.019484977272727265,4501.831818181819
9.0,10.0,11.0,11.0,12.0,13.0,5.0,3.0,10.0,3.0,20.0,12.0,18.0,15.0,10.0,14.0,-1.0,-1.0,13.0,8.0,0.0,17.0,7.0,1.0,6.0,12.0,10.0,689.4108813,1132.052306,2.0101,0.020927116883116874,4516.619090909091
10.0,11.0,12.0,12.0,13.0,14.0,17.0,18.0,2.0,7.0,9.0,6.0,11.0,14.0,19.0,18.0,-1.0,1.0,7.0,12.0,2.0,15.0,19.0,19.0,10.0,14.0,12.0,1531.757827,677.6126146,1.8516,0.01941934090909091,5400.152727272726
8.0,9.0,10.0,16.0,17.0,18.0,7.0,8.0,15.0,10.0,8.0,14.0,8.0,9.0,18.0,5.0,5.0,0.0,8.0,-1.0,15.0,7.0,12.0,20.0,5.0,-1.0,17.0,1870.794171,834.5940625,1.6773,0.016767740259740264,6151.929090909091
20.0,21.0,22.0,18.0,19.0,20.0,18.0,0.0,15.0,4.0,11.0,15.0,20.0,6.0,8.0,4.0,8.0,16.0,11.0,12.0,1.0,5.0,0.0,20.0,5.0,20.0,10.0,1651.156719,1248.168813,1.2507,0.01531847727272727,7880.017272727272
8.0,9.0,10.0,5.0,22.0,23.0,12.0,9.0,1.0,20.0,4.0,9.0,20.0,14.0,8.0,18.0,8.0,7.0,0.0,11.0,9.0,18.0,20.0,10.0,1.0,3.0,6.0,1057.064145,1632.798729,2.1374,0.023913038961038965,4190.381818181818
14.0,15.0,16.0,14.0,15.0,16.0,11.0,11.0,16.0,11.0,-1.0,1.0,19.0,3.0,13.0,19.0,10.0,14.0,17.0,7.0,13.0,14.0,20.0,5.0,2.0,-1.0,9.0,713.7266669,863.7311528,1.6626,0.01680675,5477.3381818181815
8.0,9.0,10.0,8.0,9.0,10.0,11.0,4.0,4.0,12.0,1.0,18.0,3.0,16.0,17.0,14.0,15.0,6.0,18.0,5.0,7.0,15.0,13.0,0.0,13.0,0.0,8.0,1179.899377,670.8932182,2.1333,0.021398025974025982,4534.953636363636
18.0,19.0,20.0,14.0,15.0,16.0,4.0,5.0,17.0,17.0,1.0,1.0,9.0,17.0,11.0,20.0,14.0,2.0,5.0,18.0,10.0,16.0,20.0,9.0,16.0,16.0,11.0,1261.440583,796.9712046,1.5861,0.017883068181818187,5766.209999999999
21.0,22.0,23.0,19.0,20.0,21.0,-1.0,19.0,9.0,14.0,9.0,20.0,12.0,15.0,18.0,15.0,4.0,13.0,2.0,5.0,8.0,4.0,10.0,10.0,7.0,6.0,20.0,1640.284339,1853.366377,1.1579,0.013408000000000003,7932.790909090908
12.0,13.0,14.0,18.0,19.0,20.0,9.0,8.0,5.0,12.0,10.0,19.0,0.0,10.0,12.0,-1.0,20.0,12.0,1.0,4.0,4.0,3.0,19.0,2.0,4.0,14.0,20.0,1222.717224,960.94774,1.4433,0.01490516883116883,7195.681818181818
9.0,10.0,11.0,10.0,11.0,12.0,5.0,16.0,5.0,6.0,19.0,13.0,1.0,11.0,1.0,5.0,2.0,17.0,3.0,2.0,16.0,6.0,4.0,2.0,13.0,0.0,12.0,1728.164993,1508.778103,2.0405,0.02367115909090909,4305.450909090909
12.0,13.0,14.0,13.0,14.0,15.0,20.0,0.0,11.0,19.0,3.0,18.0,12.0,18.0,20.0,16.0,9.0,8.0,1.0,20.0,9.0,4.0,6.0,8.0,11.0,11.0,16.0,1619.377591,1507.12,1.7435,0.017780522727272728,5186.466363636364
17.0,18.0,19.0,5.0,22.0,23.0,19.0,-1.0,10.0,16.0,0.0,16.0,6.0,5.0,-1.0,0.0,4.0,14.0,12.0,5.0,3.0,11.0,20.0,3.0,11.0,10.0,3.0,1503.230608,1198.079282,1.9135,0.025365012987012988,4957.841818181819
10.0,11.0,12.0,14.0,15.0,16.0,14.0,5.0,16.0,10.0,14.0,0.0,4.0,12.0,1.0,4.0,19.0,11.0,13.0,3.0,19.0,13.0,17.0,10.0,17.0,1.0,1.0,1885.542925,902.2570831,1.7443,0.01803636363636364,5589.105454545454
12.0,13.0,14.0,17.0,18.0,19.0,0.0,14.0,6.0,13.0,3.0,2.0,17.0,19.0,10.0,16.0,12.0,16.0,20.0,11.0,12.0,17.0,-1.0,13.0,16.0,8.0,19.0,1710.01167,1100.302636,1.5111,0.014617038961038968,6302.787272727273
15.0,16.0,17.0,22.0,8.0,23.0,-1.0,9.0,11.0,11.0,5.0,9.0,12.0,20.0,20.0,0.0,10.0,-1.0,18.0,0.0,13.0,7.0,16.0,0.0,7.0,14.0,2.0,985.3472198,1306.441225,1.9014,0.020663792207792207,4613.528181818182
13.0,14.0,15.0,15.0,16.0,17.0,13.0,20.0,-1.0,16.0,0.0,18.0,19.0,17.0,1.0,8.0,16.0,14.0,8.0,3.0,14.0,3.0,3.0,5.0,8.0,19.0,13.0,810.3157061,1394.582258,1.5773,0.016059272727272735,6021.046363636363
19.0,20.0,21.0,19.0,20.0,21.0,10.0,3.0,7.0,19.0,13.0,10.0,10.0,12.0,-1.0,11.0,20.0,20.0,2.0,17.0,10.0,18.0,11.0,8.0,9.0,8.0,18.0,1831.574658,1596.653271,1.2004,0.014676477272727266,8206.751818181818
11.0,12.0,13.0,17.0,18.0,19.0,5.0,-1.0,10.0,3.0,16.0,19.0,17.0,2.0,10.0,19.0,19.0,1.0,10.0,6.0,16.0,14.0,7.0,9.0,13.0,-1.0,13.0,1393.527089,1772.105689,1.5676,0.014184155844155843,6009.95909090909
7.0,8.0,9.0,22.0,23.0,24.0,6.0,15.0,-1.0,0.0,-1.0,6.0,17.0,15.0,5.0,12.0,8.0,12.0,7.0,10.0,13.0,-1.0,15.0,7.0,14.0,4.0,6.0,1571.883731,954.1463706,1.803,0.022229532467532478,6123.180000000001
16.0,17.0,18.0,16.0,17.0,18.0,10.0,-1.0,1.0,5.0,0.0,7.0,18.0,12.0,15.0,1.0,17.0,16.0,10.0,13.0,8.0,14.0,0.0,0.0,14.0,9.0,5.0,643.4502448,1524.112751,1.4728,0.01683206818181818,6157.643636363635
7.0,8.0,9.0,18.0,19.0,20.0,18.0,14.0,5.0,14.0,5.0,9.0,10.0,19.0,19.0,4.0,9.0,17.0,13.0,7.0,0.0,6.0,7.0,18.0,12.0,2.0,18.0,654.5465255,1259.499798,1.7087,0.01716620779220779,5745.688181818181
11.0,12.0,13.0,11.0,12.0,13.0,11.0,14.0,9.0,8.0,11.0,20.0,18.0,13.0,13.0,17.0,1.0,17.0,15.0,20.0,15.0,15.0,11.0,-1.0,16.0,20.0,11.0,1014.577908,1663.361807,1.9204,0.021407886363636358,4671.493636363637
20.0,21.0,22.0,17.0,18.0,19.0,11.0,19.0,19.0,13.0,7.0,12.0,14.0,13.0,7.0,19.0,13.0,2.0,13.0,10.0,13.0,5.0,10.0,20.0,20.0,2.0,14.0,669.3924066,1727.549098,1.3879,0.015164954545454544,6360.153636363637
20.0,21.0,22.0,22.0,8.0,23.0,18.0,7.0,6.0,20.0,4.0,13.0,0.0,1.0,9.0,16.0,12.0,9.0,9.0,18.0,11.0,15.0,1.0,8.0,8.0,2.0,8.0,634.8238319,769.2354204,1.9023,0.026382649350649354,4562.236363636363
10.0,11.0,12.0,16.0,17.0,18.0,6.0,2.0,16.0,19.0,13.0,7.0,19.0,18.0,-1.0,10.0,13.0,2.0,1.0,0.0,1.0,1.0,7.0,14.0,7.0,10.0,15.0,1414.405943,1543.422398,1.6517,0.016315038961038957,5684.426363636364
15.0,16.0,17.0,16.0,17.0,18.0,20.0,20.0,10.0,9.0,11.0,-1.0,2.0,15.0,8.0,12.0,2.0,16.0,5.0,18.0,14.0,14.0,20.0,8.0,12.0,2.0,1.0,761.357743,1442.260024,1.4959,0.018127159090909097,6123.068181818182
14.0,15.0,16.0,8.0,9.0,10.0,19.0,13.0,15.0,16.0,5.0,5.0,14.0,2.0,3.0,5.0,20.0,20.0,0.0,14.0,10.0,3.0,9.0,18.0,18.0,13.0,12.0,1021.556246,1048.874353,2.0316,0.02098068181818182,4110.341818181818
12.0,13.0,14.0,9.0,10.0,11.0,12.0,17.0,19.0,17.0,19.0,20.0,10.0,18.0,-1.0,9.0,16.0,10.0,14.0,8.0,-1.0,12.0,10.0,14.0,5.0,5.0,2.0,1281.377721,745.570276,2.0007,0.025609431818181812,4440.05
19.0,20.0,21.0,19.0,20.0,21.0,19.0,10.0,8.0,12.0,11.0,1.0,14.0,6.0,6.0,7.0,17.0,-1.0,14.0,20.0,18.0,1.0,18.0,6.0,0.0,12.0,14.0,1207.608514,807.9245294,1.2095,0.014248077922077924,8392.140909090911
15.0,16.0,17.0,22.0,8.0,23.0,17.0,6.0,4.0,-1.0,1.0,9.0,4.0,12.0,18.0,10.0,6.0,20.0,11.0,1.0,20.0,18.0,4.0,6.0,7.0,16.0,15.0,1212.433475,983.9405194,1.8823,0.020834779220779222,4853.726363636363
12.0,13.0,14.0,19.0,20.0,21.0,12.0,5.0,4.0,13.0,9.0,3.0,0.0,19.0,7.0,10.0,16.0,11.0,20.0,17.0,-1.0,1.0,16.0,19.0,9.0,18.0,2.0,1161.584019,1553.611443,1.3815,0.015184545454545452,7412.679999999999
19.0,20.0,21.0,22.0,8.0,23.0,0.0,14.0,18.0,5.0,8.0,15.0,18.0,5.0,20.0,1.0,14.0,14.0,12.0,18.0,12.0,6.0,13.0,20.0,15.0,9.0,2.0,1155.699429,926.3359092,1.8948,0.027030129870129874,4618.706363636363
13.0,14.0,15.0,11.0,12.0,13.0,1.0,8.0,14.0,12.0,15.0,6.0,19.0,-1.0,3.0,7.0,8.0,19.0,17.0,19.0,5.0,20.0,6.0,9.0,16.0,1.0,13.0,787.6914564,1408.059778,1.8633,0.01939263636363636,4665.126363636363
20.0,21.0,22.0,5.0,22.0,23.0,20.0,17.0,3.0,8.0,18.0,9.0,18.0,18.0,14.0,1.0,7.0,16.0,5.0,19.0,7.0,6.0,5.0,2.0,10.0,12.0,4.0,1538.486343,1057.290652,1.8268,0.01798755844155844,5453.605454545454
9.0,10.0,11.0,9.0,10.0,11.0,2.0,14.0,19.0,19.0,-1.0,10.0,15.0,20.0,13.0,3.0,5.0,18.0,3.0,9.0,3.0,13.0,10.0,5.0,7.0,19.0,6.0,1359.14783,1422.045498,2.0843,0.018753792207792205,4250.296363636364
11.0,12.0,13.0,9.0,10.0,11.0,9.0,3.0,10.0,0.0,15.0,3.0,14.0,0.0,12.0,-1.0,15.0,9.0,13.0,7.0,0.0,13.0,11.0,0.0,-1.0,1.0,12.0,1756.683494,1093.623774,1.9537,0.020087454545454547,4795.277272727272
11.0,12.0,13.0,14.0,15.0,16.0,1.0,0.0,14.0,-1.0,9.0,14.0,7.0,20.0,14.0,2.0,1.0,8.0,11.0,18.0,12.0,-1.0,4.0,15.0,17.0,3.0,8.0,765.5249799,1493.189558,1.7505,0.01587088311688313,5342.615454545455
22.0,23.0,24.0,5.0,22.0,23.0,20.0,18.0,18.0,14.0,6.0,9.0,1.0,14.0,9.0,5.0,6.0,6.0,1.0,-1.0,15.0,1.0,17.0,12.0,6.0,12.0,5.0,1515.714598,1412.690497,1.9175,0.02318612987012987,4680.463636363636
11.0,12.0,13.0,8.0,9.0,10.0,7.0,17.0,4.0,16.0,10.0,2.0,8.0,20.0,17.0,15.0,0.0,8.0,10.0,3.0,19.0,10.0,0.0,11.0,1.0,-1.0,4.0,1380.377694,1474.688824,2.032,0.01991713636363636,4287.918181818181
15.0,16.0,17.0,12.0,13.0,14.0,13.0,1.0,5.0,0.0,-1.0,14.0,7.0,7.0,7.0,20.0,11.0,1.0,20.0,15.0,15.0,11.0,6.0,18.0,9.0,9.0,0.0,1850.218294,870.2294192,1.7089,0.016321558441558446,5366.804545454546
16.0,17.0,18.0,13.0,14.0,15.0,7.0,2.0,20.0,19.0,5.0,17.0,5.0,7.0,10.0,3.0,13.0,2.0,16.0,11.0,5.0,19.0,3.0,19.0,13.0,18.0,19.0,1036.565543,1323.337149,1.7011,0.018246909090909095,5063.595454545453
22.0,23.0,24.0,19.0,20.0,21.0,10.0,19.0,19.0,11.0,13.0,5.0,17.0,7.0,15.0,3.0,20.0,11.0,6.0,-1.0,14.0,19.0,12.0,1.0,14.0,4.0,13.0,1453.00286,1314.323082,1.1434,0.013272090909090905,7968.643636363637
9.0,10.0,11.0,17.0,18.0,19.0,20.0,16.0,20.0,9.0,3.0,2.0,1.0,10.0,15.0,12.0,19.0,7.0,15.0,13.0,6.0,20.0,6.0,7.0,0.0,16.0,5.0,1658.243375,1296.384202,1.6355,0.014930831168831175,5782.648181818182
7.0,8.0,9.0,12.0,13.0,14.0,10.0,17.0,3.0,15.0,1.0,7.0,7.0,6.0,20.0,11.0,4.0,0.0,6.0,13.0,5.0,2.0,1.0,-1.0,2.0,12.0,14.0,1077.248408,706.5799952,1.9925,0.0200844935064935,4970.615454545455
7.0,8.0,9.0,14.0,15.0,16.0,10.0,-1.0,2.0,2.0,9.0,10.0,6.0,0.0,5.0,8.0,4.0,14.0,-1.0,16.0,8.0,-1.0,8.0,13.0,1.0,15.0,4.0,1088.009321,1787.395111,1.8898,0.016608454545454548,5237.3781818181815
10.0,11.0,12.0,11.0,12.0,13.0,16.0,16.0,13.0,5.0,17.0,15.0,9.0,0.0,15.0,7.0,0.0,13.0,13.0,0.0,10.0,9.0,17.0,1.0,6.0,17.0,1.0,1804.870236,790.3024365,1.8876,0.018677272727272726,5224.2927272727275
16.0,17.0,18.0,13.0,14.0,15.0,18.0,7.0,12.0,3.0,6.0,19.0,16.0,17.0,-1.0,3.0,12.0,11.0,18.0,16.0,19.0,19.0,16.0,11.0,14.0,6.0,18.0,895.74635,1019.547688,1.7052,0.0168861590909091,5219.53909090909
7.0,8.0,9.0,7.0,8.0,9.0,3.0,1.0,3.0,13.0,6.0,8.0,16.0,1.0,2.0,2.0,18.0,6.0,11.0,0.0,16.0,17.0,11.0,11.0,11.0,15.0,11.0,880.1244253,760.8399194,2.3728,0.025207863636363636,3782.72
16.0,17.0,18.0,19.0,20.0,21.0,11.0,0.0,20.0,12.0,18.0,5.0,10.0,0.0,6.0,18.0,4.0,16.0,7.0,13.0,17.0,5.0,0.0,1.0,-1.0,6.0,6.0,1601.534475,1489.249255,1.2531,0.014337740259740257,8086.828181818182
8.0,9.0,10.0,22.0,23.0,24.0,18.0,19.0,11.0,18.0,15.0,14.0,3.0,9.0,10.0,16.0,3.0,15.0,2.0,12.0,18.0,6.0,1.0,15.0,19.0,14.0,13.0,1406.460545,1285.749105,1.7413,0.01650207792207792,6069.361818181817
9.0,10.0,11.0,10.0,11.0,12.0,17.0,1.0,11.0,4.0,20.0,8.0,12.0,16.0,15.0,13.0,18.0,18.0,7.0,3.0,12.0,-1.0,2.0,3.0,18.0,14.0,10.0,976.416637,1032.187544,2.0251,0.020335977272727273,4481.596363636363
13.0,14.0,15.0,13.0,14.0,15.0,6.0,11.0,18.0,7.0,19.0,5.0,20.0,16.0,3.0,10.0,13.0,1.0,18.0,17.0,14.0,4.0,-1.0,9.0,20.0,15.0,4.0,1331.239963,933.6283886,1.7014,0.01735577272727273,5342.051818181818
21.0,22.0,23.0,18.0,19.0,20.0,16.0,8.0,14.0,4.0,18.0,2.0,7.0,3.0,16.0,11.0,0.0,19.0,17.0,14.0,11.0,4.0,12.0,14.0,17.0,3.0,17.0,1683.607083,878.4420071,1.2253,0.014559350649350643,8109.254545454546
11.0,12.0,13.0,6.0,7.0,8.0,16.0,4.0,7.0,14.0,8.0,17.0,-1.0,16.0,5.0,3.0,15.0,7.0,-1.0,7.0,12.0,13.0,0.0,17.0,7.0,3.0,2.0,959.6164595,1604.321902,2.5046,0.025903402597402602,3428.6699999999996
17.0,18.0,19.0,15.0,16.0,17.0,16.0,6.0,-1.0,3.0,4.0,0.0,4.0,9.0,8.0,20.0,16.0,11.0,2.0,0.0,10.0,3.0,19.0,14.0,11.0,0.0,19.0,1029.938725,1386.245862,1.4789,0.013964704545454539,6412.135454545453
9.0,10.0,11.0,8.0,9.0,10.0,19.0,12.0,0.0,7.0,4.0,7.0,8.0,2.0,0.0,19.0,14.0,17.0,6.0,14.0,2.0,13.0,7.0,0.0,15.0,11.0,-1.0,1581.905163,1175.678107,2.0918,0.023798779220779224,4479.721818181818
9.0,10.0,11.0,22.0,23.0,24.0,5.0,3.0,-1.0,11.0,-1.0,14.0,5.0,4.0,9.0,6.0,11.0,5.0,19.0,15.0,8.0,18.0,7.0,2.0,10.0,13.0,16.0,1770.868695,1708.707385,1.661,0.01539875324675325,6011.4172727272735
13.0,14.0,15.0,15.0,16.0,17.0,3.0,12.0,0.0,20.0,11.0,11.0,11.0,12.0,0.0,1.0,1.0,4.0,9.0,12.0,15.0,12.0,18.0,19.0,19.0,18.0,4.0,1624.635992,1345.52259,1.5505,0.01599223376623377,6228.7863636363645
15.0,16.0,17.0,16.0,17.0,18.0,11.0,11.0,3.0,15.0,20.0,18.0,13.0,5.0,11.0,8.0,-1.0,20.0,-1.0,5.0,1.0,13.0,13.0,16.0,15.0,3.0,9.0,802.8445788,714.3730199,1.506,0.019732090909090914,6219.467272727273
10.0,11.0,12.0,15.0,16.0,17.0,16.0,9.0,19.0,4.0,8.0,12.0,0.0,4.0,4.0,15.0,7.0,9.0,1.0,2.0,7.0,20.0,8.0,2.0,11.0,1.0,18.0,732.2698394,1743.869482,1.7053,0.015800207792207786,5531.750909090909
7.0,8.0,9.0,22.0,23.0,24.0,12.0,20.0,20.0,10.0,3.0,10.0,15.0,6.0,-1.0,1.0,6.0,13.0,16.0,9.0,13.0,8.0,2.0,10.0,8.0,9.0,-1.0,1362.904895,1718.676237,1.8059,0.018232727272727265,5682.017272727272
12.0,13.0,14.0,8.0,9.0,10.0,5.0,10.0,12.0,7.0,16.0,8.0,3.0,11.0,19.0,15.0,13.0,20.0,-1.0,16.0,14.0,20.0,1.0,5.0,10.0,5.0,15.0,1457.347752,686.6394347,2.0178,0.020699409090909088,4497.357272727273
8.0,9.0,10.0,15.0,16.0,17.0,4.0,2.0,15.0,17.0,3.0,1.0,11.0,11.0,1.0,5.0,2.0,15.0,6.0,12.0,19.0,2.0,9.0,0.0,11.0,8.0,20.0,684.3161412,975.8620331,1.7885,0.018122779220779216,5691.187272727272
18.0,19.0,20.0,17.0,18.0,19.0,-1.0,6.0,2.0,10.0,3.0,3.0,1.0,5.0,20.0,0.0,1.0,13.0,3.0,17.0,11.0,12.0,18.0,14.0,0.0,5.0,12.0,1337.461445,1451.675562,1.3983,0.01532974025974026,6386.667272727273
14.0,15.0,16.0,22.0,8.0,23.0,5.0,16.0,11.0,16.0,4.0,17.0,12.0,8.0,8.0,18.0,-1.0,2.0,11.0,0.0,14.0,17.0,9.0,-1.0,18.0,2.0,2.0,1173.063947,972.5852331,1.9047,0.02113415584415584,4961.654545454545
19.0,20.0,21.0,17.0,18.0,19.0,1.0,1.0,0.0,1.0,13.0,7.0,16.0,0.0,12.0,7.0,9.0,17.0,12.0,5.0,11.0,1.0,16.0,3.0,20.0,18.0,16.0,1425.653158,1571.841903,1.3789,0.015562977272727265,6580.062727272728
15.0,16.0,17.0,19.0,20.0,21.0,8.0,4.0,17.0,-1.0,2.0,16.0,7.0,5.0,10.0,20.0,7.0,3.0,16.0,6.0,1.0,2.0,20.0,11.0,1.0,16.0,14.0,943.7208838,1462.260857,1.2905,0.014355227272727273,7933.919999999999
17.0,18.0,19.0,13.0,14.0,15.0,3.0,5.0,-1.0,1.0,18.0,3.0,4.0,15.0,6.0,2.0,15.0,6.0,2.0,15.0,20.0,16.0,11.0,1.0,4.0,5.0,0.0,952.3083683,1144.33744,1.7007,0.01949795454545455,5131.889999999999
14.0,15.0,16.0,5.0,22.0,23.0,10.0,8.0,4.0,14.0,0.0,11.0,15.0,1.0,20.0,8.0,14.0,10.0,7.0,1.0,4.0,0.0,0.0,12.0,9.0,0.0,1.0,1674.554274,1282.701054,1.9217,0.02398901298701299,4849.489999999999
10.0,11.0,12.0,19.0,20.0,21.0,6.0,19.0,0.0,4.0,10.0,-1.0,9.0,3.0,19.0,10.0,17.0,3.0,5.0,8.0,15.0,18.0,5.0,17.0,18.0,7.0,9.0,773.1977707,1190.416237,1.515,0.014970077922077928,6626.335454545453
17.0,18.0,19.0,13.0,14.0,15.0,15.0,15.0,15.0,6.0,7.0,19.0,15.0,8.0,2.0,17.0,18.0,15.0,17.0,8.0,5.0,0.0,10.0,1.0,6.0,0.0,19.0,1772.798547,1135.768829,1.6369,0.017550818181818178,5511.59909090909
10.0,11.0,12.0,12.0,13.0,14.0,19.0,6.0,7.0,1.0,7.0,1.0,13.0,14.0,8.0,15.0,9.0,2.0,15.0,1.0,17.0,9.0,14.0,12.0,12.0,20.0,-1.0,680.0446795,1708.052618,1.9426,0.019577522727272735,4491.929090909091
10.0,11.0,12.0,15.0,16.0,17.0,7.0,2.0,1.0,18.0,14.0,0.0,1.0,7.0,11.0,3.0,18.0,4.0,7.0,19.0,4.0,7.0,2.0,12.0,19.0,5.0,12.0,1738.581483,818.2263843,1.6724,0.01892106493506493,6116.672727272727
9.0,10.0,11.0,15.0,16.0,17.0,7.0,18.0,18.0,15.0,16.0,10.0,5.0,8.0,6.0,0.0,17.0,3.0,6.0,20.0,4.0,5.0,14.0,12.0,3.0,0.0,18.0,1122.849689,1819.436046,1.7049,0.017204623376623377,5586.766363636364
12.0,13.0,14.0,16.0,17.0,18.0,1.0,14.0,6.0,17.0,2.0,20.0,3.0,-1.0,4.0,19.0,6.0,15.0,14.0,19.0,4.0,3.0,13.0,17.0,6.0,8.0,14.0,1522.429919,1041.334803,1.5632,0.017620477272727277,6125.339999999999
20.0,21.0,22.0,22.0,8.0,23.0,0.0,20.0,7.0,2.0,12.0,7.0,2.0,12.0,11.0,2.0,5.0,4.0,14.0,16.0,-1.0,17.0,11.0,3.0,18.0,4.0,4.0,1470.283152,1156.422977,1.831,0.02224451948051949,5057.140909090908
7.0,8.0,9.0,16.0,17.0,18.0,6.0,4.0,18.0,20.0,10.0,2.0,8.0,0.0,12.0,14.0,4.0,13.0,4.0,3.0,5.0,13.0,15.0,16.0,19.0,10.0,-1.0,1128.952217,1615.590487,1.7705,0.016768623376623378,5303.79
19.0,20.0,21.0,14.0,15.0,16.0,7.0,15.0,6.0,10.0,19.0,10.0,0.0,10.0,17.0,18.0,19.0,18.0,16.0,2.0,6.0,16.0,17.0,4.0,2.0,7.0,7.0,921.7905811,1763.323657,1.5854,0.015814181818181824,5549.6563636363635
8.0,9.0,10.0,10.0,11.0,12.0,3.0,12.0,17.0,0.0,7.0,4.0,17.0,8.0,18.0,17.0,7.0,12.0,20.0,16.0,3.0,6.0,14.0,14.0,12.0,6.0,8.0,1752.185659,1872.467275,1.9984,0.01966877922077921,4589.099999999999
12.0,13.0,14.0,13.0,14.0,15.0,13.0,7.0,0.0,20.0,16.0,3.0,7.0,13.0,4.0,7.0,9.0,14.0,19.0,4.0,3.0,14.0,-1.0,4.0,0.0,17.0,1.0,1046.103354,886.080225,1.7703,0.016909688311688317,5323.352727272728
9.0,10.0,11.0,9.0,10.0,11.0,12.0,12.0,2.0,13.0,5.0,18.0,5.0,0.0,18.0,11.0,15.0,19.0,8.0,9.0,19.0,12.0,17.0,17.0,16.0,7.0,16.0,1192.128506,1862.956092,2.0611,0.01915736363636364,4171.600909090908
8.0,9.0,10.0,22.0,23.0,24.0,1.0,15.0,20.0,11.0,20.0,4.0,4.0,15.0,10.0,18.0,5.0,12.0,16.0,10.0,6.0,4.0,19.0,4.0,10.0,9.0,15.0,1094.215466,731.4529377,1.7827,0.01795280519480519,6160.87090909091
12.0,13.0,14.0,22.0,8.0,23.0,17.0,13.0,1.0,-1.0,18.0,15.0,8.0,3.0,3.0,2.0,18.0,5.0,17.0,6.0,11.0,16.0,14.0,16.0,0.0,12.0,3.0,1110.641659,1213.277814,1.9492,0.023614077922077925,4630.695454545455
18.0,19.0,20.0,5.0,22.0,23.0,19.0,2.0,13.0,16.0,13.0,4.0,18.0,17.0,16.0,10.0,10.0,3.0,17.0,10.0,18.0,20.0,2.0,18.0,-1.0,6.0,6.0,1144.39252,1353.603893,1.9584,0.021417896103896102,4269.030909090909
8.0,9.0,10.0,18.0,19.0,20.0,14.0,2.0,19.0,6.0,10.0,12.0,9.0,2.0,16.0,-1.0,7.0,1.0,5.0,19.0,17.0,12.0,17.0,3.0,19.0,18.0,14.0,1300.485279,1270.900804,1.6134,0.015487272727272728,6370.69
17.0,18.0,19.0,22.0,23.0,24.0,3.0,7.0,7.0,18.0,12.0,4.0,19.0,3.0,16.0,17.0,5.0,10.0,13.0,2.0,8.0,10.0,8.0,16.0,3.0,20.0,20.0,1237.10627,660.4830402,1.5021,0.016193610389610393,6683.791818181819
14.0,15.0,16.0,18.0,19.0,20.0,8.0,6.0,13.0,8.0,13.0,15.0,6.0,10.0,0.0,13.0,14.0,17.0,14.0,2.0,18.0,-1.0,3.0,20.0,2.0,4.0,12.0,741.0619115,639.0661953,1.3881,0.01578903896103895,7455.720909090908
11.0,12.0,13.0,12.0,13.0,14.0,1.0,13.0,12.0,18.0,14.0,14.0,14.0,2.0,16.0,14.0,19.0,0.0,-1.0,15.0,9.0,10.0,16.0,8.0,4.0,11.0,-1.0,1861.44078,1113.928992,1.7509,0.017330636363636357,5530.299090909091
13.0,14.0,15.0,22.0,8.0,23.0,6.0,18.0,13.0,-1.0,12.0,20.0,13.0,9.0,15.0,20.0,17.0,14.0,0.0,12.0,3.0,15.0,4.0,8.0,2.0,17.0,10.0,750.606633,1227.980151,1.9653,0.024745818181818188,4331.355454545454
15.0,16.0,17.0,14.0,15.0,16.0,4.0,4.0,17.0,-1.0,0.0,13.0,6.0,19.0,2.0,8.0,5.0,5.0,3.0,13.0,16.0,12.0,8.0,-1.0,-1.0,16.0,16.0,1744.824445,1241.140956,1.6105,0.017160068181818186,5620.13181818182
