-0.7424605074198181,-0.7090539165818921,-0.7937219730941705,-0.8244084577462927,-0.8557894758750861,-0.8220235669461582,-0.018072289156626287,-0.2871796004998798,-0.33333338219079545,-0.16564419619396942,-0.3217717350022804,-0.48045976214149266,0.984251968503937,-0.6062992125984252,-0.5275590551181102,0.9101965525793652,0.7208556640624999
-0.8822403063666826,-0.7293997965412004,-0.7309417040358743,-0.9676214201382288,-0.9589473699677097,-0.9683055736704282,-0.8373493975903614,-0.5589744290862566,-0.4278960230147961,-0.6748466294290953,-0.2514647327329702,0.35632182333670515,-0.14960629921259838,0.984251968503937,0.1811023622047243,-0.8361157614087301,-0.931666015625
-0.5222594542843466,-0.46490335707019337,-0.7309417040358743,-0.6463262789782618,-0.6694737039257452,-0.6936204686838034,-0.9096385542168675,-0.8769230964891879,-0.8581560387639989,-0.9613496941874355,-0.7623623095827459,-0.935632193379692,0.7165354330708662,-0.3385826771653543,0.68503937007874,-0.9601454961867559,0.11418652343749991
-0.4552417424605073,-0.4038657171922685,-0.4170403587443946,-0.4495641243983862,-0.48526318779233657,-0.5538399009681042,0.37349397590361444,0.4666664335038442,0.7304966202239849,0.5644170621245264,0.4984767148934104,0.7287356728891317,-0.6535433070866141,0.40157480314960625,0.1968503937007875,-0.5868629092261906,-0.439330078125
-0.8822403063666826,-0.7293997965412004,-0.7309417040358743,-0.9676214201382288,-0.9589473699677097,-0.9683055736704282,-0.47590361445783125,-0.5179487945826526,-0.565011852209597,-0.4846625891658066,-0.5701898299567676,-0.7425287403807035,-0.6692913385826771,-0.25984251968503935,0.905511811023622,0.20291438027033726,0.39029355468749993
0.7797989468645281,1.0,0.5246636771300446,0.4396016232198512,0.6631578049721674,0.5123934410835114,-0.9879518072289155,-0.9384615482445939,-0.706855813445598,-0.9791411026939509,-0.7811108480255822,-0.49885057034502145,0.49606299212598426,0.6692913385826771,-0.4330708661417323,-0.9369965084015377,-0.24079042968749997
-0.7424605074198181,-0.7090539165818921,-0.7937219730941705,-0.8244084577462927,-0.8557894758750861,-0.8220235669461582,0.8132530120481929,1.0,1.0,1.0,1.0,1.0,0.921259842519685,-0.7007874015748031,0.22834645669291342,0.8491466703869048,0.33458652343750006
1.0,0.87792472024415,1.0,1.0,1.0,1.0,0.8132530120481929,1.0,1.0,1.0,1.0,1.0,0.68503937007874,-0.10236220472440949,-0.25984251968503935,0.0021976531498015817,-0.87681083984375
-0.6275730014360938,-0.5462868769074262,-1.0,-0.9190535488496134,-0.9178947500512487,-0.9382364817109389,-0.9879518072289155,-0.9384615482445939,-0.706855813445598,-0.9791411026939509,-0.7811108480255822,-0.49885057034502145,0.6377952755905512,0.46456692913385833,-0.08661417322834641,0.9318312872023808,0.8348119140625001
-0.321206318812829,-0.1902339776195321,-0.47085201793721965,-0.3586550464089382,-0.38105267084966155,-0.4465663720979651,-0.018072289156626287,-0.2871796004998798,-0.33333338219079545,-0.16564419619396942,-0.3217717350022804,-0.48045976214149266,0.2440944881889764,-0.44881889763779526,-0.6850393700787402,0.4208856491815476,-0.926091015625
-1.0,-1.0,-0.8923766816143498,-1.0,-1.0,-1.0,-0.21084337349397586,-0.24102576168332523,-0.45626481526199614,-0.30674848936133037,-0.3920787485324746,-0.5678160845392224,0.811023622047244,0.905511811023622,0.03937007874015741,0.9722569056919643,0.005246093750000069
-0.12015318334131164,-0.25127161749745663,-0.1659192825112107,-0.23536737958196707,-0.24210523062751732,-0.39455501622669253,0.37349397590361444,0.4666664335038442,0.7304966202239849,0.5644170621245264,0.4984767148934104,0.7287356728891317,0.7480314960629921,0.7795275590551181,0.811023622047244,0.06425296843998018,-0.34926992187499994
-0.17759693633317364,0.09460834181078326,-0.21076233183856496,-0.07098372408209563,-0.1747368422010973,-0.3002844825216654,0.0843373493975903,0.05128188415485346,0.38534268807160976,0.04294476212719944,-0.07804079154982824,0.10344823815323734,0.03937007874015741,-0.007874015748031482,-0.889763779527559,0.10439782521081353,-0.98731865234375
-0.17759693633317364,0.09460834181078326,-0.21076233183856496,-0.07098372408209563,-0.1747368422010973,-0.3002844825216654,-0.8373493975903614,-0.5589744290862566,-0.4278960230147961,-0.6748466294290953,-0.2514647327329702,0.35632182333670515,-0.952755905511811,0.8582677165354331,0.8425196850393701,-0.7911231631324405,0.5295205078125
-0.321206318812829,-0.1902339776195321,-0.47085201793721965,-0.3586550464089382,-0.38105267084966155,-0.4465663720979651,0.8132530120481929,1.0,1.0,1.0,1.0,1.0,-0.7637795275590551,-0.023622047244094446,0.795275590551181,-0.4347903297061012,-0.18034882812499997
0.10004786979416003,0.7660223804679549,0.6322869955156951,0.15317550695327187,0.18947372901300197,0.2523364664805312,-0.07228915662650581,-0.15384628836316694,-0.14420810054279387,-0.07361965012253646,-0.2327161942901339,-0.32873563312345466,-0.3858267716535433,0.905511811023622,0.6220472440944882,0.9079177129836309,0.22910898437500005
-0.5222594542843466,-0.46490335707019337,-0.7309417040358743,-0.6463262789782618,-0.6694737039257452,-0.6936204686838034,0.0843373493975903,0.05128188415485346,0.38534268807160976,0.04294476212719944,-0.07804079154982824,0.10344823815323734,0.08661417322834652,-0.40157480314960625,0.6692913385826771,0.4160173688616071,0.4621767578125
0.7797989468645281,1.0,0.5246636771300446,0.4396016232198512,0.6631578049721674,0.5123934410835114,-0.9879518072289155,-0.9384615482445939,-0.706855813445598,-0.9791411026939509,-0.7811108480255822,-0.49885057034502145,-0.3385826771653543,0.68503937007874,-0.03937007874015752,-0.21964091951884923,-0.28232363281249995
-0.37865007180469135,-0.5462868769074262,-0.6053811659192825,-0.5765877983553954,-0.5621052779695985,-0.6342949988090543,0.0843373493975903,0.05128188415485346,0.38534268807160976,0.04294476212719944,-0.07804079154982824,0.10344823815323734,0.9527559055118111,-0.14960629921259838,-0.3858267716535433,0.7834495907738095,0.7834169921875
0.14791766395404493,0.04374364191251279,0.42600896860986537,0.00871736243641097,-0.05263170140214424,-0.11336845270683527,-0.018072289156626287,-0.2871796004998798,-0.33333338219079545,-0.16564419619396942,-0.3217717350022804,-0.48045976214149266,0.6535433070866141,-0.44881889763779526,1.0,-0.20517093718998014,-0.6928232421875
0.14791766395404493,0.04374364191251279,0.42600896860986537,0.00871736243641097,-0.05263170140214424,-0.11336845270683527,0.37349397590361444,0.4666664335038442,0.7304966202239849,0.5644170621245264,0.4984767148934104,0.7287356728891317,-0.21259842519685035,0.921259842519685,0.4803149606299213,-0.14800482855902775,-0.5874646484375
-0.5222594542843466,-0.46490335707019337,-0.7309417040358743,-0.6463262789782618,-0.6694737039257452,-0.6936204686838034,1.0,0.09230751865845721,0.23877059479440876,0.8220857675416231,0.16569011811997214,0.2367816694279603,0.3385826771653544,-0.25984251968503935,-0.9685039370078741,-0.4279019794766865,-0.18575019531250003
-0.37865007180469135,-0.5462868769074262,-0.6053811659192825,-0.5765877983553954,-0.5621052779695985,-0.6342949988090543,-0.07228915662650581,-0.15384628836316694,-0.14420810054279387,-0.07361965012253646,-0.2327161942901339,-0.32873563312345466,-0.8110236220472441,0.21259842519685046,0.5590551181102361,0.13951784164186498,-0.89007548828125
-0.4552417424605073,-0.4038657171922685,-0.4170403587443946,-0.4495641243983862,-0.48526318779233657,-0.5538399009681042,-0.8373493975903614,-0.8769230964891879,-0.706855813445598,-0.6748466294290953,-0.7623623095827459,-0.49885057034502145,-0.16535433070866146,0.055118110236220375,0.9685039370078741,-0.7209587944878473,0.02574433593750003
-0.6275730014360938,-0.5462868769074262,-1.0,-0.9190535488496134,-0.9178947500512487,-0.9382364817109389,0.3253012048192774,0.6256407672053097,-0.10638304421319389,0.24539872810997831,0.36254973798710166,-0.08965521484575112,0.9527559055118111,0.03937007874015741,0.1811023622047243,-0.32476031591021826,0.6748556640625001
-0.4552417424605073,-0.8514750762970498,-0.874439461883408,-0.8704856895286672,-0.8789473657190614,-0.9203575732490236,-0.9096385542168675,-0.8769230964891879,-0.8581560387639989,-0.9613496941874355,-0.7623623095827459,-0.935632193379692,-0.10236220472440949,0.3700787401574803,0.44881889763779537,0.30519380115327377,0.6816509765625001
-0.12015318334131164,-0.25127161749745663,-0.1659192825112107,-0.23536737958196707,-0.24210523062751732,-0.39455501622669253,0.37349397590361444,0.4666664335038442,0.7304966202239849,0.5644170621245264,0.4984767148934104,0.7287356728891317,-0.25984251968503935,0.4803149606299213,-0.5905511811023623,0.6188742016989088,-0.6148430664062501
0.10004786979416003,0.7660223804679549,0.6322869955156951,0.15317550695327187,0.18947372901300197,0.2523364664805312,0.3253012048192774,0.6256407672053097,-0.10638304421319389,0.24539872810997831,0.36254973798710166,-0.08965521484575112,-0.5905511811023623,0.3700787401574803,0.8425196850393701,0.40828934926835325,-0.05786777343750005
1.0,0.87792472024415,1.0,1.0,1.0,1.0,-0.8373493975903614,-0.8769230964891879,-0.706855813445598,-0.6748466294290953,-0.7623623095827459,-0.49885057034502145,-0.40157480314960625,0.5905511811023623,0.49606299212598426,0.21876240079365084,0.374621484375
-0.6084250837721397,-0.6174974567650051,-0.6591928251121077,-0.7970112017757628,-0.7284210690884361,-0.776513611034133,-0.34337349397590355,-0.40512829969774156,-0.4137116268911958,-0.398773020693441,-0.4998828276874574,-0.6367816097794448,0.811023622047244,0.5590551181102361,-0.3228346456692913,-0.6859277149987599,0.6289367187499999
-0.5222594542843466,-0.46490335707019337,-0.7309417040358743,-0.6463262789782618,-0.6694737039257452,-0.6936204686838034,1.0,0.09230751865845721,0.23877059479440876,0.8220857675416231,0.16569011811997214,0.2367816694279603,0.3385826771653544,-0.25984251968503935,-0.9685039370078741,0.3657488141741072,-0.740950390625
-0.4552417424605073,-0.4038657171922685,-0.4170403587443946,-0.4495641243983862,-0.48526318779233657,-0.5538399009681042,-0.8373493975903614,-0.8769230964891879,-0.706855813445598,-0.6748466294290953,-0.7623623095827459,-0.49885057034502145,0.2755905511811023,0.35433070866141736,0.7795275590551181,-0.8939019097222223,-0.15811347656249997
-0.4552417424605073,-0.4038657171922685,-0.4170403587443946,-0.4495641243983862,-0.48526318779233657,-0.5538399009681042,0.0843373493975903,0.05128188415485346,0.38534268807160976,0.04294476212719944,-0.07804079154982824,0.10344823815323734,-0.3228346456692913,0.49606299212598426,0.3700787401574803,0.38405877976190483,-0.6656130859375
-0.5222594542843466,-0.46490335707019337,-0.7309417040358743,-0.6463262789782618,-0.6694737039257452,-0.6936204686838034,0.3253012048192774,0.6256407672053097,-0.10638304421319389,0.24539872810997831,0.36254973798710166,-0.08965521484575112,0.3700787401574803,0.905511811023622,-0.5275590551181102,0.9197542705233135,0.8632591796875
-0.6084250837721397,-0.6174974567650051,-0.6591928251121077,-0.7970112017757628,-0.7284210690884361,-0.776513611034133,-0.34337349397590355,-0.40512829969774156,-0.4137116268911958,-0.398773020693441,-0.4998828276874574,-0.6367816097794448,0.08661417322834652,0.68503937007874,-0.08661417322834641,0.22937593005952372,-0.8015333984374999
-0.4552417424605073,-0.4038657171922685,-0.4170403587443946,-0.4495641243983862,-0.48526318779233657,-0.5538399009681042,0.37349397590361444,0.4666664335038442,0.7304966202239849,0.5644170621245264,0.4984767148934104,0.7287356728891317,-0.952755905511811,0.4803149606299213,0.2440944881889764,0.3440460689484126,-0.95795458984375
-0.12015318334131164,-0.25127161749745663,-0.1659192825112107,-0.23536737958196707,-0.24210523062751732,-0.39455501622669253,0.0843373493975903,0.05128188415485346,0.38534268807160976,0.04294476212719944,-0.07804079154982824,0.10344823815323734,-0.5118110236220472,0.8267716535433072,0.6535433070866141,-0.3370841858878968,0.941006640625
-0.17759693633317364,0.09460834181078326,-0.21076233183856496,-0.07098372408209563,-0.1747368422010973,-0.3002844825216654,-0.07228915662650581,-0.15384628836316694,-0.14420810054279387,-0.07361965012253646,-0.2327161942901339,-0.32873563312345466,-0.023622047244094446,-0.7795275590551181,0.7165354330708662,-0.042058841765873045,0.7160615234375001
-0.5222594542843466,-0.46490335707019337,-0.7309417040358743,-0.6463262789782618,-0.6694737039257452,-0.6936204686838034,-0.21084337349397586,-0.24102576168332523,-0.45626481526199614,-0.30674848936133037,-0.3920787485324746,-0.5678160845392224,0.9685039370078741,-0.5748031496062992,-0.13385826771653542,0.36907435825892865,-0.8114796875
-0.37865007180469135,-0.5462868769074262,-0.6053811659192825,-0.5765877983553954,-0.5621052779695985,-0.6342949988090543,0.8132530120481929,1.0,1.0,1.0,1.0,1.0,0.795275590551181,-0.11811023622047245,-0.3228346456692913,-0.8090014260912699,0.6162917968749999
-0.5222594542843466,-0.46490335707019337,-0.7309417040358743,-0.6463262789782618,-0.6694737039257452,-0.6936204686838034,1.0,0.09230751865845721,0.23877059479440876,0.8220857675416231,0.16569011811997214,0.2367816694279603,0.3385826771653544,-0.25984251968503935,-0.5905511811023623,0.3022571382068453,-0.40495039062500005
-0.37865007180469135,-0.5462868769074262,-0.6053811659192825,-0.5765877983553954,-0.5621052779695985,-0.6342949988090543,-0.47590361445783125,-0.5179487945826526,-0.565011852209597,-0.4846625891658066,-0.5701898299567676,-0.7425287403807035,0.4173228346456692,0.9527559055118111,0.7795275590551181,0.6249695793030754,-0.816530859375
-1.0,-1.0,-0.8923766816143498,-1.0,-1.0,-1.0,-0.47590361445783125,-0.5179487945826526,-0.565011852209597,-0.4846625891658066,-0.5701898299567676,-0.7425287403807035,0.40157480314960625,0.11811023622047245,0.4330708661417322,-0.37493625217013893,0.15178925781249997
0.10004786979416003,0.7660223804679549,0.6322869955156951,0.15317550695327187,0.18947372901300197,0.2523364664805312,0.37349397590361444,0.4666664335038442,0.7304966202239849,0.5644170621245264,0.4984767148934104,0.7287356728891317,0.2440944881889764,0.795275590551181,0.4803149606299213,-0.4265113467261905,-0.40046162109375005
-0.7424605074198181,-0.7090539165818921,-0.7937219730941705,-0.8244084577462927,-0.8557894758750861,-0.8220235669461582,-0.47590361445783125,-0.5179487945826526,-0.565011852209597,-0.4846625891658066,-0.5701898299567676,-0.7425287403807035,0.8582677165354331,0.6692913385826771,0.8740157480314961,0.6851860894097221,-0.1038048828125
-0.7424605074198181,-0.7090539165818921,-0.7937219730941705,-0.8244084577462927,-0.8557894758750861,-0.8220235669461582,-0.7650602409638554,-0.7230769671006727,-0.7730496620223984,-0.6503067485114703,-0.6967424475545867,-0.8758620722412339,0.7165354330708662,0.44881889763779537,0.1811023622047243,-0.5250621977306548,-0.1664
-0.5222594542843466,-0.46490335707019337,-0.7309417040358743,-0.6463262789782618,-0.6694737039257452,-0.6936204686838034,1.0,0.09230751865845721,0.23877059479440876,0.8220857675416231,0.16569011811997214,0.2367816694279603,0.3700787401574803,0.921259842519685,0.921259842519685,-0.23551006014384923,0.58016640625
-1.0,-1.0,-0.8923766816143498,-1.0,-1.0,-1.0,-0.21084337349397586,-0.24102576168332523,-0.45626481526199614,-0.30674848936133037,-0.3920787485324746,-0.5678160845392224,-0.21259842519685035,1.0,0.9685039370078741,0.754673355344742,-0.7094244140625
1.0,0.87792472024415,1.0,1.0,1.0,1.0,-0.8373493975903614,-0.8769230964891879,-0.706855813445598,-0.6748466294290953,-0.7623623095827459,-0.49885057034502145,0.055118110236220375,0.889763779527559,-0.3858267716535433,-0.03274158296130958,-0.47665556640624995
-0.6275730014360938,-0.5462868769074262,-1.0,-0.9190535488496134,-0.9178947500512487,-0.9382364817109389,-0.5843373493975902,-0.6307692894675637,-0.6690307571159977,-0.5644171947784271,-0.6358097032458108,-0.8114942545749044,-0.2913385826771654,0.11811023622047245,0.7480314960629921,-0.5144095284598214,0.2520544921875001
-0.8822403063666826,-0.7293997965412004,-0.7309417040358743,-0.9676214201382288,-0.9589473699677097,-0.9683055736704282,1.0,0.09230751865845721,0.23877059479440876,0.8220857675416231,0.16569011811997214,0.2367816694279603,-0.6062992125984252,1.0,-0.3385826771653543,0.5833236452132937,0.8564623046875
-0.321206318812829,-0.1902339776195321,-0.47085201793721965,-0.3586550464089382,-0.38105267084966155,-0.4465663720979651,-0.8373493975903614,-0.8769230964891879,-0.706855813445598,-0.6748466294290953,-0.7623623095827459,-0.49885057034502145,-0.7007874015748031,0.9685039370078741,-0.3228346456692913,0.1784166124131945,0.13555898437500002
-0.5222594542843466,-0.46490335707019337,-0.7309417040358743,-0.6463262789782618,-0.6694737039257452,-0.6936204686838034,-0.8373493975903614,-0.5589744290862566,-0.4278960230147961,-0.6748466294290953,-0.2514647327329702,0.35632182333670515,0.9527559055118111,0.6220472440944882,0.9527559055118111,-0.4590039450024802,0.18099960937499993
-0.4552417424605073,-0.4038657171922685,-0.4170403587443946,-0.4495641243983862,-0.48526318779233657,-0.5538399009681042,-0.47590361445783125,-0.5179487945826526,-0.565011852209597,-0.4846625891658066,-0.5701898299567676,-0.7425287403807035,0.3385826771653544,-0.5748031496062992,-0.5590551181102362,-0.3469656808035714,0.3383228515625001
-0.4552417424605073,-0.4038657171922685,-0.4170403587443946,-0.4495641243983862,-0.48526318779233657,-0.5538399009681042,-0.07228915662650581,-0.15384628836316694,-0.14420810054279387,-0.07361965012253646,-0.2327161942901339,-0.32873563312345466,0.6377952755905512,0.811023622047244,0.6535433070866141,-0.49535813104538695,-0.7371650390625
-0.4552417424605073,-0.4038657171922685,-0.4170403587443946,-0.4495641243983862,-0.48526318779233657,-0.5538399009681042,0.8132530120481929,1.0,1.0,1.0,1.0,1.0,0.6062992125984252,-0.3385826771653543,0.1811023622047243,-0.7682215130518353,0.4828779296875001
-0.4552417424605073,-0.8514750762970498,-0.874439461883408,-0.8704856895286672,-0.8789473657190614,-0.9203575732490236,-0.07228915662650581,-0.15384628836316694,-0.14420810054279387,-0.07361965012253646,-0.2327161942901339,-0.32873563312345466,-0.40157480314960625,0.811023622047244,0.8582677165354331,0.2109851655505952,0.048311523437500004
-0.8822403063666826,-0.7293997965412004,-0.7309417040358743,-0.9676214201382288,-0.9589473699677097,-0.9683055736704282,-0.21084337349397586,-0.24102576168332523,-0.45626481526199614,-0.30674848936133037,-0.3920787485324746,-0.5678160845392224,0.3700787401574803,0.8267716535433072,0.1811023622047243,-0.15687972780257942,-0.81346396484375
-0.321206318812829,-0.1902339776195321,-0.47085201793721965,-0.3586550464089382,-0.38105267084966155,-0.4465663720979651,-0.018072289156626287,-0.2871796004998798,-0.33333338219079545,-0.16564419619396942,-0.3217717350022804,-0.48045976214149266,0.7480314960629921,0.5590551181102361,-0.7480314960629921,0.4243317134796627,-0.9118779296875
-0.5222594542843466,-0.46490335707019337,-0.7309417040358743,-0.6463262789782618,-0.6694737039257452,-0.6936204686838034,-0.8373493975903614,-0.8769230964891879,-0.706855813445598,-0.6748466294290953,-0.7623623095827459,-0.49885057034502145,0.023622047244094446,-0.13385826771653542,0.30708661417322825,-0.333872574094742,0.589760546875
-0.7424605074198181,-0.7090539165818921,-0.7937219730941705,-0.8244084577462927,-0.8557894758750861,-0.8220235669461582,-0.8373493975903614,-0.5589744290862566,-0.4278960230147961,-0.6748466294290953,-0.2514647327329702,0.35632182333670515,0.5275590551181102,-0.07086614173228345,0.03937007874015741,0.5258810376364087,-0.32012265625
-0.4552417424605073,-0.8514750762970498,-0.874439461883408,-0.8704856895286672,-0.8789473657190614,-0.9203575732490236,-0.018072289156626287,-0.2871796004998798,-0.33333338219079545,-0.16564419619396942,-0.3217717350022804,-0.48045976214149266,0.984251968503937,-0.6062992125984252,0.984251968503937,-0.020002092633928603,0.6436888671875001
-0.37865007180469135,-0.5462868769074262,-0.6053811659192825,-0.5765877983553954,-0.5621052779695985,-0.6342949988090543,0.3253012048192774,0.6256407672053097,-0.10638304421319389,0.24539872810997831,0.36254973798710166,-0.08965521484575112,0.3700787401574803,-0.7952755905511811,-0.07086614173228345,0.3935541062127976,0.22236718749999995
-0.12015318334131164,-0.25127161749745663,-0.1659192825112107,-0.23536737958196707,-0.24210523062751732,-0.39455501622669253,0.37349397590361444,0.4666664335038442,0.7304966202239849,0.5644170621245264,0.4984767148934104,0.7287356728891317,-0.5118110236220472,0.68503937007874,0.3385826771653544,0.26431826636904754,-0.09083105468749997
-0.7424605074198181,-0.7090539165818921,-0.7937219730941705,-0.8244084577462927,-0.8557894758750861,-0.8220235669461582,-1.0,-1.0,-1.0,-1.0,-1.0,-1.0,-0.8267716535433071,-0.2755905511811023,-0.007874015748031482,-0.3953098842075893,0.5202990234375
-1.0,-1.0,-0.8923766816143498,-1.0,-1.0,-1.0,1.0,0.09230751865845721,0.23877059479440876,0.8220857675416231,0.16569011811997214,0.2367816694279603,0.905511811023622,-0.3858267716535433,-0.023622047244094446,-0.7368719191778275,0.4196986328125001
0.7797989468645281,1.0,0.5246636771300446,0.4396016232198512,0.6631578049721674,0.5123934410835114,1.0,0.09230751865845721,0.23877059479440876,0.8220857675416231,0.16569011811997214,0.2367816694279603,-0.905511811023622,-0.22834645669291342,0.3700787401574803,-0.6355678982204861,0.7147749999999999
-0.321206318812829,-0.1902339776195321,-0.47085201793721965,-0.3586550464089382,-0.38105267084966155,-0.4465663720979651,-0.8373493975903614,-0.8769230964891879,-0.706855813445598,-0.6748466294290953,-0.7623623095827459,-0.49885057034502145,-0.007874015748031482,-0.25984251968503935,-0.30708661417322836,-0.012654234871031789,0.05432636718750006
-0.7424605074198181,-0.7090539165818921,-0.7937219730941705,-0.8244084577462927,-0.8557894758750861,-0.8220235669461582,-0.7650602409638554,-0.7230769671006727,-0.7730496620223984,-0.6503067485114703,-0.6967424475545867,-0.8758620722412339,-0.007874015748031482,0.5590551181102361,0.13385826771653542,-0.7476574125744048,-0.3136171875
-0.321206318812829,-0.1902339776195321,-0.47085201793721965,-0.3586550464089382,-0.38105267084966155,-0.4465663720979651,-0.07228915662650581,-0.15384628836316694,-0.14420810054279387,-0.07361965012253646,-0.2327161942901339,-0.32873563312345466,1.0,-0.2913385826771654,-0.3700787401574803,-0.5900942847842262,0.2581419921874999
-0.321206318812829,-0.1902339776195321,-0.47085201793721965,-0.3586550464089382,-0.38105267084966155,-0.4465663720979651,-0.34337349397590355,-0.40512829969774156,-0.4137116268911958,-0.398773020693441,-0.4998828276874574,-0.6367816097794448,-0.9685039370078741,-0.03937007874015752,0.9685039370078741,-0.6837718176463294,0.8912716796875
-0.6084250837721397,-0.6174974567650051,-0.6591928251121077,-0.7970112017757628,-0.7284210690884361,-0.776513611034133,0.3253012048192774,0.6256407672053097,-0.10638304421319389,0.24539872810997831,0.36254973798710166,-0.08965521484575112,0.3700787401574803,0.46456692913385833,0.984251968503937,0.08065883091517856,-0.38383232421875
-0.5222594542843466,-0.46490335707019337,-0.7309417040358743,-0.6463262789782618,-0.6694737039257452,-0.6936204686838034,-0.018072289156626287,-0.2871796004998798,-0.33333338219079545,-0.16564419619396942,-0.3217717350022804,-0.48045976214149266,0.7165354330708662,-0.5748031496062992,0.795275590551181,0.19060329861111103,-0.65668701171875
-0.4552417424605073,-0.4038657171922685,-0.4170403587443946,-0.4495641243983862,-0.48526318779233657,-0.5538399009681042,-0.21084337349397586,-0.24102576168332523,-0.45626481526199614,-0.30674848936133037,-0.3920787485324746,-0.5678160845392224,0.8740157480314961,0.5748031496062993,-0.055118110236220486,0.055683051215277724,-0.57243916015625
0.7797989468645281,1.0,0.5246636771300446,0.4396016232198512,0.6631578049721674,0.5123934410835114,0.0843373493975903,0.05128188415485346,0.38534268807160976,0.04294476212719944,-0.07804079154982824,0.10344823815323734,0.6535433070866141,-0.6692913385826771,0.8740157480314961,-0.0396030970982143,0.61267265625
-0.7424605074198181,-0.7090539165818921,-0.7937219730941705,-0.8244084577462927,-0.8557894758750861,-0.8220235669461582,-0.21084337349397586,-0.24102576168332523,-0.45626481526199614,-0.30674848936133037,-0.3920787485324746,-0.5678160845392224,-0.10236220472440949,-0.07086614173228345,0.7165354330708662,0.8845303974454366,0.1080804687500001
-1.0,-1.0,-0.8923766816143498,-1.0,-1.0,-1.0,-0.07228915662650581,-0.15384628836316694,-0.14420810054279387,-0.07361965012253646,-0.2327161942901339,-0.32873563312345466,0.4330708661417322,0.7165354330708662,0.49606299212598426,-0.049279010106646814,0.06343593749999998
-0.321206318812829,-0.1902339776195321,-0.47085201793721965,-0.3586550464089382,-0.38105267084966155,-0.4465663720979651,-0.8373493975903614,-0.8769230964891879,-0.706855813445598,-0.6748466294290953,-0.7623623095827459,-0.49885057034502145,0.7007874015748032,0.7637795275590551,0.7165354330708662,0.7619378952752975,0.17648378906249995
-0.6275730014360938,-0.5462868769074262,-1.0,-0.9190535488496134,-0.9178947500512487,-0.9382364817109389,-0.8373493975903614,-0.5589744290862566,-0.4278960230147961,-0.6748466294290953,-0.2514647327329702,0.35632182333670515,-0.16535433070866146,0.46456692913385833,-0.11811023622047245,0.3655525328621032,-0.13653183593749996
-0.6084250837721397,-0.6174974567650051,-0.6591928251121077,-0.7970112017757628,-0.7284210690884361,-0.776513611034133,-0.34337349397590355,-0.40512829969774156,-0.4137116268911958,-0.398773020693441,-0.4998828276874574,-0.6367816097794448,0.46456692913385833,-0.07086614173228345,0.46456692913385833,0.11365327380952372,0.632073828125
-0.6084250837721397,-0.6174974567650051,-0.6591928251121077,-0.7970112017757628,-0.7284210690884361,-0.776513611034133,-0.8373493975903614,-0.8769230964891879,-0.706855813445598,-0.6748466294290953,-0.7623623095827459,-0.49885057034502145,-0.22834645669291342,0.7795275590551181,1.0,0.8177323598710318,-0.72523134765625
-0.4552417424605073,-0.8514750762970498,-0.874439461883408,-0.8704856895286672,-0.8789473657190614,-0.9203575732490236,1.0,0.09230751865845721,0.23877059479440876,0.8220857675416231,0.16569011811997214,0.2367816694279603,-0.6377952755905512,0.68503937007874,0.7322834645669292,-0.5520752921937004,-0.98756845703125
-0.5222594542843466,-0.46490335707019337,-0.7309417040358743,-0.6463262789782618,-0.6694737039257452,-0.6936204686838034,-0.07228915662650581,-0.15384628836316694,-0.14420810054279387,-0.07361965012253646,-0.2327161942901339,-0.32873563312345466,0.49606299212598426,-0.3858267716535433,-0.8582677165354331,0.5859078543526786,-0.5182697265625
-0.17759693633317364,0.09460834181078326,-0.21076233183856496,-0.07098372408209563,-0.1747368422010973,-0.3002844825216654,-0.21084337349397586,-0.24102576168332523,-0.45626481526199614,-0.30674848936133037,-0.3920787485324746,-0.5678160845392224,-0.25984251968503935,-0.5905511811023623,-0.25984251968503935,-0.1053511362227183,0.0922869140625
-0.4552417424605073,-0.8514750762970498,-0.874439461883408,-0.8704856895286672,-0.8789473657190614,-0.9203575732490236,-0.7650602409638554,-0.7230769671006727,-0.7730496620223984,-0.6503067485114703,-0.6967424475545867,-0.8758620722412339,-0.952755905511811,0.49606299212598426,0.49606299212598426,-0.18205740792410718,-0.943715234375
-0.6084250837721397,-0.6174974567650051,-0.6591928251121077,-0.7970112017757628,-0.7284210690884361,-0.776513611034133,-0.9096385542168675,-0.8769230964891879,-0.8581560387639989,-0.9613496941874355,-0.7623623095827459,-0.935632193379692,-0.007874015748031482,-0.2755905511811023,0.811023622047244,0.6578591967385912,0.4755978515624999
-0.6084250837721397,-0.6174974567650051,-0.6591928251121077,-0.7970112017757628,-0.7284210690884361,-0.776513611034133,-0.07228915662650581,-0.15384628836316694,-0.14420810054279387,-0.07361965012253646,-0.2327161942901339,-0.32873563312345466,-0.007874015748031482,0.40157480314960625,1.0,-0.09749736483134919,0.45351269531249994
-1.0,-1.0,-0.8923766816143498,-1.0,-1.0,-1.0,-0.34337349397590355,-0.40512829969774156,-0.4137116268911958,-0.398773020693441,-0.4998828276874574,-0.6367816097794448,0.16535433070866135,0.46456692913385833,-0.03937007874015752,-0.8599479554191468,-0.51494287109375
0.7797989468645281,1.0,0.5246636771300446,0.4396016232198512,0.6631578049721674,0.5123934410835114,0.8132530120481929,1.0,1.0,1.0,1.0,1.0,0.30708661417322825,-0.03937007874015752,-0.19685039370078738,0.450068591889881,0.3438273437499999
-0.5222594542843466,-0.46490335707019337,-0.7309417040358743,-0.6463262789782618,-0.6694737039257452,-0.6936204686838034,-0.8373493975903614,-0.5589744290862566,-0.4278960230147961,-0.6748466294290953,-0.2514647327329702,0.35632182333670515,-0.5118110236220472,0.984251968503937,-0.055118110236220486,0.3617055741567461,-0.8857021484375001
-0.5222594542843466,-0.46490335707019337,-0.7309417040358743,-0.6463262789782618,-0.6694737039257452,-0.6936204686838034,-0.7650602409638554,-0.7230769671006727,-0.7730496620223984,-0.6503067485114703,-0.6967424475545867,-0.8758620722412339,0.46456692913385833,0.2440944881889764,0.13385826771653542,-0.027207147507440466,0.9172677734375001
0.14791766395404493,0.04374364191251279,0.42600896860986537,0.00871736243641097,-0.05263170140214424,-0.11336845270683527,0.3253012048192774,0.6256407672053097,-0.10638304421319389,0.24539872810997831,0.36254973798710166,-0.08965521484575112,-0.5433070866141732,-0.19685039370078738,0.46456692913385833,-0.22494594029017856,0.775957421875
-0.4552417424605073,-0.8514750762970498,-0.874439461883408,-0.8704856895286672,-0.8789473657190614,-0.9203575732490236,-0.8373493975903614,-0.5589744290862566,-0.4278960230147961,-0.6748466294290953,-0.2514647327329702,0.35632182333670515,-0.30708661417322836,0.8740157480314961,0.5590551181102361,0.12317068917410712,-0.9085505859375
-0.6084250837721397,-0.6174974567650051,-0.6591928251121077,-0.7970112017757628,-0.7284210690884361,-0.776513611034133,-0.8373493975903614,-0.5589744290862566,-0.4278960230147961,-0.6748466294290953,-0.2514647327329702,0.35632182333670515,0.5433070866141732,0.3858267716535433,0.984251968503937,-0.2733245365203373,0.5375457031249999
-0.5222594542843466,-0.46490335707019337,-0.7309417040358743,-0.6463262789782618,-0.6694737039257452,-0.6936204686838034,0.3253012048192774,0.6256407672053097,-0.10638304421319389,0.24539872810997831,0.36254973798710166,-0.08965521484575112,-0.03937007874015752,0.1968503937007875,0.21259842519685046,0.7656253875248016,0.014838867187499938
-0.5222594542843466,-0.46490335707019337,-0.7309417040358743,-0.6463262789782618,-0.6694737039257452,-0.6936204686838034,-0.018072289156626287,-0.2871796004998798,-0.33333338219079545,-0.16564419619396942,-0.3217717350022804,-0.48045976214149266,0.68503937007874,0.5275590551181102,0.8425196850393701,-0.9139187282986111,0.7040558593749999
-0.37865007180469135,-0.5462868769074262,-0.6053811659192825,-0.5765877983553954,-0.5621052779695985,-0.6342949988090543,1.0,0.09230751865845721,0.23877059479440876,0.8220857675416231,0.16569011811997214,0.2367816694279603,0.8425196850393701,-0.40157480314960625,-0.21259842519685035,0.5616854228670636,0.36438281249999993
-0.5222594542843466,-0.46490335707019337,-0.7309417040358743,-0.6463262789782618,-0.6694737039257452,-0.6936204686838034,-0.07228915662650581,-0.15384628836316694,-0.14420810054279387,-0.07361965012253646,-0.2327161942901339,-0.32873563312345466,1.0,-0.6692913385826771,-0.6850393700787402,0.040747651599702284,0.7877615234374999
-0.4552417424605073,-0.8514750762970498,-0.874439461883408,-0.8704856895286672,-0.8789473657190614,-0.9203575732490236,-0.8373493975903614,-0.8769230964891879,-0.706855813445598,-0.6748466294290953,-0.7623623095827459,-0.49885057034502145,1.0,0.7007874015748032,-0.984251968503937,-0.637391105530754,0.8117806640625
-1.0,-1.0,-0.8923766816143498,-1.0,-1.0,-1.0,0.3253012048192774,0.6256407672053097,-0.10638304421319389,0.24539872810997831,0.36254973798710166,-0.08965521484575112,0.984251968503937,0.4330708661417322,-0.19685039370078738,-0.568904041108631,-0.6435402343750001
-0.5222594542843466,-0.46490335707019337,-0.7309417040358743,-0.6463262789782618,-0.6694737039257452,-0.6936204686838034,-0.47590361445783125,-0.5179487945826526,-0.565011852209597,-0.4846625891658066,-0.5701898299567676,-0.7425287403807035,0.49606299212598426,-0.19685039370078738,0.11811023622047245,0.27963382781498014,-0.6213081054687499
-0.4552417424605073,-0.4038657171922685,-0.4170403587443946,-0.4495641243983862,-0.48526318779233657,-0.5538399009681042,0.3253012048192774,0.6256407672053097,-0.10638304421319389,0.24539872810997831,0.36254973798710166,-0.08965521484575112,0.3700787401574803,0.984251968503937,0.8740157480314961,0.7357512943328373,0.6846371093750001
-0.5222594542843466,-0.46490335707019337,-0.7309417040358743,-0.6463262789782618,-0.6694737039257452,-0.6936204686838034,0.0843373493975903,0.05128188415485346,0.38534268807160976,0.04294476212719944,-0.07804079154982824,0.10344823815323734,0.9685039370078741,0.8425196850393701,0.9527559055118111,-0.2829547216021825,-0.9357697265625
0.14791766395404493,0.04374364191251279,0.42600896860986537,0.00871736243641097,-0.05263170140214424,-0.11336845270683527,0.8132530120481929,1.0,1.0,1.0,1.0,1.0,0.9370078740157479,0.7007874015748032,-0.13385826771653542,0.23499290829613084,0.2356121093750001
-0.6084250837721397,-0.6174974567650051,-0.6591928251121077,-0.7970112017757628,-0.7284210690884361,-0.776513611034133,0.8132530120481929,1.0,1.0,1.0,1.0,1.0,-0.25984251968503935,0.5748031496062993,0.921259842519685,-0.10941472129216268,-0.10513867187500003
-0.12015318334131164,-0.25127161749745663,-0.1659192825112107,-0.23536737958196707,-0.24210523062751732,-0.39455501622669253,0.8132530120481929,1.0,1.0,1.0,1.0,1.0,0.32283464566929143,0.7480314960629921,0.68503937007874,-0.558161369202629,0.9993603515625
-0.6275730014360938,-0.5462868769074262,-1.0,-0.9190535488496134,-0.9178947500512487,-0.9382364817109389,-0.8373493975903614,-0.8769230964891879,-0.706855813445598,-0.6748466294290953,-0.7623623095827459,-0.49885057034502145,-0.25984251968503935,0.8425196850393701,-0.9212598425196851,-0.407257080078125,-0.2890765625
-0.4552417424605073,-0.8514750762970498,-0.874439461883408,-0.8704856895286672,-0.8789473657190614,-0.9203575732490236,-0.7650602409638554,-0.7230769671006727,-0.7730496620223984,-0.6503067485114703,-0.6967424475545867,-0.8758620722412339,0.68503937007874,-0.7322834645669292,0.35433070866141736,-0.62228025406126,0.4772306640624999
-0.5222594542843466,-0.46490335707019337,-0.7309417040358743,-0.6463262789782618,-0.6694737039257452,-0.6936204686838034,-0.21084337349397586,-0.24102576168332523,-0.45626481526199614,-0.30674848936133037,-0.3920787485324746,-0.5678160845392224,0.6062992125984252,-0.6535433070866141,0.8740157480314961,0.8769761827256946,-0.308761328125
-0.37865007180469135,-0.5462868769074262,-0.6053811659192825,-0.5765877983553954,-0.5621052779695985,-0.6342949988090543,-0.7650602409638554,-0.7230769671006727,-0.7730496620223984,-0.6503067485114703,-0.6967424475545867,-0.8758620722412339,-0.25984251968503935,-0.03937007874015752,0.22834645669291342,0.7371235196552579,-0.94818056640625
-0.5222594542843466,-0.46490335707019337,-0.7309417040358743,-0.6463262789782618,-0.6694737039257452,-0.6936204686838034,-0.07228915662650581,-0.15384628836316694,-0.14420810054279387,-0.07361965012253646,-0.2327161942901339,-0.32873563312345466,0.49606299212598426,-0.3858267716535433,-0.984251968503937,0.5859078543526786,-0.8382697265625
-0.8822403063666826,-0.7293997965412004,-0.7309417040358743,-0.9676214201382288,-0.9589473699677097,-0.9683055736704282,0.0843373493975903,0.05128188415485346,0.38534268807160976,0.04294476212719944,-0.07804079154982824,0.10344823815323734,0.8425196850393701,0.40157480314960625,0.889763779527559,0.014385114397321486,-0.45769316406250005
1.0,0.87792472024415,1.0,1.0,1.0,1.0,-0.9879518072289155,-0.9384615482445939,-0.706855813445598,-0.9791411026939509,-0.7811108480255822,-0.49885057034502145,0.7322834645669292,-0.07086614173228345,-0.5590551181102362,0.7749254014756946,-0.41093798828125006
1.0,0.87792472024415,1.0,1.0,1.0,1.0,0.8132530120481929,1.0,1.0,1.0,1.0,1.0,-0.08661417322834641,0.6220472440944882,0.7795275590551181,0.7956606910342261,-0.92588916015625
-0.12015318334131164,-0.25127161749745663,-0.1659192825112107,-0.23536737958196707,-0.24210523062751732,-0.39455501622669253,-0.07228915662650581,-0.15384628836316694,-0.14420810054279387,-0.07361965012253646,-0.2327161942901339,-0.32873563312345466,0.4803149606299213,0.1968503937007875,-0.6692913385826771,0.9479519314236111,-0.7444232421875
-0.12015318334131164,-0.25127161749745663,-0.1659192825112107,-0.23536737958196707,-0.24210523062751732,-0.39455501622669253,0.3253012048192774,0.6256407672053097,-0.10638304421319389,0.24539872810997831,0.36254973798710166,-0.08965521484575112,0.5275590551181102,-0.08661417322834641,0.8740157480314961,0.8911595904637897,-0.46887216796875
-0.6275730014360938,-0.5462868769074262,-1.0,-0.9190535488496134,-0.9178947500512487,-0.9382364817109389,-0.018072289156626287,-0.2871796004998798,-0.33333338219079545,-0.16564419619396942,-0.3217717350022804,-0.48045976214149266,0.5905511811023623,-0.14960629921259838,-0.2913385826771654,0.02504902188740088,0.7618412109374999
-0.7424605074198181,-0.7090539165818921,-0.7937219730941705,-0.8244084577462927,-0.8557894758750861,-0.8220235669461582,-0.47590361445783125,-0.5179487945826526,-0.565011852209597,-0.4846625891658066,-0.5701898299567676,-0.7425287403807035,-0.2913385826771654,0.8740157480314961,0.5748031496062993,-0.07214258587549605,-0.96058798828125
0.14791766395404493,0.04374364191251279,0.42600896860986537,0.00871736243641097,-0.05263170140214424,-0.11336845270683527,1.0,0.09230751865845721,0.23877059479440876,0.8220857675416231,0.16569011811997214,0.2367816694279603,0.4173228346456692,-0.5748031496062992,0.9685039370078741,-0.2367245628720238,0.7412496093750001
-0.7424605074198181,-0.7090539165818921,-0.7937219730941705,-0.8244084577462927,-0.8557894758750861,-0.8220235669461582,-0.21084337349397586,-0.24102576168332523,-0.45626481526199614,-0.30674848936133037,-0.3920787485324746,-0.5678160845392224,-0.25984251968503935,0.889763779527559,0.3385826771653544,0.7570287310887898,-0.84787529296875
-0.6084250837721397,-0.6174974567650051,-0.6591928251121077,-0.7970112017757628,-0.7284210690884361,-0.776513611034133,-0.9879518072289155,-0.9384615482445939,-0.706855813445598,-0.9791411026939509,-0.7811108480255822,-0.49885057034502145,-0.14960629921259838,-0.35433070866141736,0.9527559055118111,-0.7275958348834326,0.07763164062499994
-0.4552417424605073,-0.8514750762970498,-0.874439461883408,-0.8704856895286672,-0.8789473657190614,-0.9203575732490236,-0.9879518072289155,-0.9384615482445939,-0.706855813445598,-0.9791411026939509,-0.7811108480255822,-0.49885057034502145,0.8582677165354331,-0.023622047244094446,-0.5905511811023623,0.9349710131448412,-0.5062656249999999
-0.17759693633317364,0.09460834181078326,-0.21076233183856496,-0.07098372408209563,-0.1747368422010973,-0.3002844825216654,0.3253012048192774,0.6256407672053097,-0.10638304421319389,0.24539872810997831,0.36254973798710166,-0.08965521484575112,0.40157480314960625,-0.5905511811023623,-0.14960629921259838,0.09186314174107135,0.384240234375
-1.0,-1.0,-0.8923766816143498,-1.0,-1.0,-1.0,0.0843373493975903,0.05128188415485346,0.38534268807160976,0.04294476212719944,-0.07804079154982824,0.10344823815323734,-0.007874015748031482,0.9370078740157479,-0.7480314960629921,-0.8401990133618551,0.37608164062500005
-0.6084250837721397,-0.6174974567650051,-0.6591928251121077,-0.7970112017757628,-0.7284210690884361,-0.776513611034133,-0.7650602409638554,-0.7230769671006727,-0.7730496620223984,-0.6503067485114703,-0.6967424475545867,-0.8758620722412339,0.984251968503937,0.30708661417322825,-0.023622047244094446,0.6070285373263888,-0.49042910156249997
-0.37865007180469135,-0.5462868769074262,-0.6053811659192825,-0.5765877983553954,-0.5621052779695985,-0.6342949988090543,0.8132530120481929,1.0,1.0,1.0,1.0,1.0,0.32283464566929143,-0.7952755905511811,0.46456692913385833,0.8337322901165674,-0.27280546875
0.10004786979416003,0.7660223804679549,0.6322869955156951,0.15317550695327187,0.18947372901300197,0.2523364664805312,-0.8373493975903614,-0.5589744290862566,-0.4278960230147961,-0.6748466294290953,-0.2514647327329702,0.35632182333670515,0.7480314960629921,0.2440944881889764,0.023622047244094446,-0.518670169890873,0.6487988281249999
-0.321206318812829,-0.1902339776195321,-0.47085201793721965,-0.3586550464089382,-0.38105267084966155,-0.4465663720979651,-0.8373493975903614,-0.8769230964891879,-0.706855813445598,-0.6748466294290953,-0.7623623095827459,-0.49885057034502145,0.023622047244094446,0.35433070866141736,-0.007874015748031482,-0.9244354732452877,-0.020790820312500014
-0.5222594542843466,-0.46490335707019337,-0.7309417040358743,-0.6463262789782618,-0.6694737039257452,-0.6936204686838034,-0.8373493975903614,-0.5589744290862566,-0.4278960230147961,-0.6748466294290953,-0.2514647327329702,0.35632182333670515,-0.5118110236220472,-0.023622047244094446,-0.16535433070866146,-0.22304997519841274,-0.34083125000000003
-0.8822403063666826,-0.7293997965412004,-0.7309417040358743,-0.9676214201382288,-0.9589473699677097,-0.9683055736704282,0.0843373493975903,0.05128188415485346,0.38534268807160976,0.04294476212719944,-0.07804079154982824,0.10344823815323734,0.14960629921259838,1.0,0.6220472440944882,0.4994944738963294,-0.387726171875
-0.6275730014360938,-0.5462868769074262,-1.0,-0.9190535488496134,-0.9178947500512487,-0.9382364817109389,-0.7650602409638554,-0.7230769671006727,-0.7730496620223984,-0.6503067485114703,-0.6967424475545867,-0.8758620722412339,0.4173228346456692,0.921259842519685,0.7165354330708662,0.7785369388640873,-0.5345162109375
0.14791766395404493,0.04374364191251279,0.42600896860986537,0.00871736243641097,-0.05263170140214424,-0.11336845270683527,-0.8373493975903614,-0.5589744290862566,-0.4278960230147961,-0.6748466294290953,-0.2514647327329702,0.35632182333670515,0.1968503937007875,1.0,-0.30708661417322836,-0.7595943390376985,-0.76669189453125
-0.4552417424605073,-0.4038657171922685,-0.4170403587443946,-0.4495641243983862,-0.48526318779233657,-0.5538399009681042,-0.5843373493975902,-0.6307692894675637,-0.6690307571159977,-0.5644171947784271,-0.6358097032458108,-0.8114942545749044,0.2913385826771653,0.7165354330708662,0.9685039370078741,0.9568376813616071,0.14438730468749994
1.0,0.87792472024415,1.0,1.0,1.0,1.0,0.3253012048192774,0.6256407672053097,-0.10638304421319389,0.24539872810997831,0.36254973798710166,-0.08965521484575112,-0.30708661417322836,-0.3228346456692913,-0.25984251968503935,0.3389741443452381,0.8764572265624999
-0.7424605074198181,-0.7090539165818921,-0.7937219730941705,-0.8244084577462927,-0.8557894758750861,-0.8220235669461582,0.3253012048192774,0.6256407672053097,-0.10638304421319389,0.24539872810997831,0.36254973798710166,-0.08965521484575112,0.5905511811023623,-0.10236220472440949,0.6535433070866141,0.6996111188616072,0.16827207031250002
-0.6275730014360938,-0.5462868769074262,-1.0,-0.9190535488496134,-0.9178947500512487,-0.9382364817109389,-0.07228915662650581,-0.15384628836316694,-0.14420810054279387,-0.07361965012253646,-0.2327161942901339,-0.32873563312345466,-0.03937007874015752,-0.5905511811023623,-0.6377952755905512,0.5561442057291666,-0.04869824218749996
-0.6275730014360938,-0.5462868769074262,-1.0,-0.9190535488496134,-0.9178947500512487,-0.9382364817109389,-0.8373493975903614,-0.8769230964891879,-0.706855813445598,-0.6748466294290953,-0.7623623095827459,-0.49885057034502145,0.9370078740157479,0.4803149606299213,-0.22834645669291342,-0.3046962193080357,-0.557813671875
-0.7424605074198181,-0.7090539165818921,-0.7937219730941705,-0.8244084577462927,-0.8557894758750861,-0.8220235669461582,0.37349397590361444,0.4666664335038442,0.7304966202239849,0.5644170621245264,0.4984767148934104,0.7287356728891317,0.14960629921259838,0.9685039370078741,-0.2913385826771654,0.982142082093254,-0.07534511718750003
-0.4552417424605073,-0.8514750762970498,-0.874439461883408,-0.8704856895286672,-0.8789473657190614,-0.9203575732490236,-0.34337349397590355,-0.40512829969774156,-0.4137116268911958,-0.398773020693441,-0.4998828276874574,-0.6367816097794448,-0.6062992125984252,-0.007874015748031482,0.795275590551181,-0.36188015407986107,-0.75805654296875
0.14791766395404493,0.04374364191251279,0.42600896860986537,0.00871736243641097,-0.05263170140214424,-0.11336845270683527,0.37349397590361444,0.4666664335038442,0.7304966202239849,0.5644170621245264,0.4984767148934104,0.7287356728891317,-0.6062992125984252,0.9527559055118111,1.0,0.6923642113095239,0.297133203125
0.10004786979416003,0.7660223804679549,0.6322869955156951,0.15317550695327187,0.18947372901300197,0.2523364664805312,-0.8373493975903614,-0.8769230964891879,-0.706855813445598,-0.6748466294290953,-0.7623623095827459,-0.49885057034502145,0.6220472440944882,0.5590551181102361,-0.5433070866141732,0.27172774057539684,-0.5967822265625
-0.12015318334131164,-0.25127161749745663,-0.1659192825112107,-0.23536737958196707,-0.24210523062751732,-0.39455501622669253,-0.34337349397590355,-0.40512829969774156,-0.4137116268911958,-0.398773020693441,-0.4998828276874574,-0.6367816097794448,0.5433070866141732,-0.007874015748031482,0.889763779527559,-0.25650789775545635,-0.20161074218749997
0.7797989468645281,1.0,0.5246636771300446,0.4396016232198512,0.6631578049721674,0.5123934410835114,-0.9879518072289155,-0.9384615482445939,-0.706855813445598,-0.9791411026939509,-0.7811108480255822,-0.49885057034502145,0.08661417322834652,0.811023622047244,0.7480314960629921,-0.8485044449094742,-0.35730761718750004
-0.6275730014360938,-0.5462868769074262,-1.0,-0.9190535488496134,-0.9178947500512487,-0.9382364817109389,0.8132530120481929,1.0,1.0,1.0,1.0,1.0,0.905511811023622,-0.3700787401574803,-0.07086614173228345,-0.3851409427703373,-0.37203867187499995
-0.321206318812829,-0.1902339776195321,-0.47085201793721965,-0.3586550464089382,-0.38105267084966155,-0.4465663720979651,-0.018072289156626287,-0.2871796004998798,-0.33333338219079545,-0.16564419619396942,-0.3217717350022804,-0.48045976214149266,-0.6062992125984252,-0.7007874015748031,0.49606299212598426,0.639936755952381,0.46509570312500004
-0.6275730014360938,-0.5462868769074262,-1.0,-0.9190535488496134,-0.9178947500512487,-0.9382364817109389,0.37349397590361444,0.4666664335038442,0.7304966202239849,0.5644170621245264,0.4984767148934104,0.7287356728891317,-0.08661417322834641,0.35433070866141736,-0.5275590551181102,-0.6498134068080357,-0.842216015625
-0.5222594542843466,-0.46490335707019337,-0.7309417040358743,-0.6463262789782618,-0.6694737039257452,-0.6936204686838034,0.0843373493975903,0.05128188415485346,0.38534268807160976,0.04294476212719944,-0.07804079154982824,0.10344823815323734,0.30708661417322825,0.6220472440944882,0.1811023622047243,-0.8850355360243055,0.7243878906250001
-0.4552417424605073,-0.8514750762970498,-0.874439461883408,-0.8704856895286672,-0.8789473657190614,-0.9203575732490236,0.3253012048192774,0.6256407672053097,-0.10638304421319389,0.24539872810997831,0.36254973798710166,-0.08965521484575112,-0.10236220472440949,-0.5118110236220472,0.811023622047244,0.15665166945684517,0.313399609375
-0.6275730014360938,-0.5462868769074262,-1.0,-0.9190535488496134,-0.9178947500512487,-0.9382364817109389,-0.21084337349397586,-0.24102576168332523,-0.45626481526199614,-0.30674848936133037,-0.3920787485324746,-0.5678160845392224,-0.22834645669291342,0.3700787401574803,0.2440944881889764,0.8402779715401785,-0.26895996093749996
-0.37865007180469135,-0.5462868769074262,-0.6053811659192825,-0.5765877983553954,-0.5621052779695985,-0.6342949988090543,-0.47590361445783125,-0.5179487945826526,-0.565011852209597,-0.4846625891658066,-0.5701898299567676,-0.7425287403807035,-0.6377952755905512,0.8582677165354331,0.811023622047244,0.19405091300843247,-0.260219921875
-0.7424605074198181,-0.7090539165818921,-0.7937219730941705,-0.8244084577462927,-0.8557894758750861,-0.8220235669461582,-0.34337349397590355,-0.40512829969774156,-0.4137116268911958,-0.398773020693441,-0.4998828276874574,-0.6367816097794448,-0.8582677165354331,0.49606299212598426,0.46456692913385833,0.665309554811508,0.647382421875
-0.12015318334131164,-0.25127161749745663,-0.1659192825112107,-0.23536737958196707,-0.24210523062751732,-0.39455501622669253,-0.21084337349397586,-0.24102576168332523,-0.45626481526199614,-0.30674848936133037,-0.3920787485324746,-0.5678160845392224,-0.5275590551181102,-0.3228346456692913,0.35433070866141736,-0.5782690623449901,0.81545078125
-0.4552417424605073,-0.4038657171922685,-0.4170403587443946,-0.4495641243983862,-0.48526318779233657,-0.5538399009681042,-0.018072289156626287,-0.2871796004998798,-0.33333338219079545,-0.16564419619396942,-0.3217717350022804,-0.48045976214149266,0.49606299212598426,-0.3858267716535433,-0.984251968503937,0.5859078543526786,-0.9182697265624999
-0.6275730014360938,-0.5462868769074262,-1.0,-0.9190535488496134,-0.9178947500512487,-0.9382364817109389,-0.9879518072289155,-0.9384615482445939,-0.706855813445598,-0.9791411026939509,-0.7811108480255822,-0.49885057034502145,0.35433070866141736,-0.40157480314960625,1.0,-0.2612388005332341,0.3082634765625001
-0.6275730014360938,-0.5462868769074262,-1.0,-0.9190535488496134,-0.9178947500512487,-0.9382364817109389,-0.9096385542168675,-0.8769230964891879,-0.8581560387639989,-0.9613496941874355,-0.7623623095827459,-0.935632193379692,0.9685039370078741,0.2755905511811023,0.68503937007874,-0.08005758618551584,0.5699759765625001
-0.8822403063666826,-0.7293997965412004,-0.7309417040358743,-0.9676214201382288,-0.9589473699677097,-0.9683055736704282,-0.8373493975903614,-0.8769230964891879,-0.706855813445598,-0.6748466294290953,-0.7623623095827459,-0.49885057034502145,1.0,-0.5118110236220472,-0.4803149606299213,-0.7044522724454365,-0.6828712890624999
-1.0,-1.0,-0.8923766816143498,-1.0,-1.0,-1.0,1.0,0.09230751865845721,0.23877059479440876,0.8220857675416231,0.16569011811997214,0.2367816694279603,0.5748031496062993,0.9370078740157479,0.4173228346456692,0.3338714115203374,0.18587675781250002
-0.8822403063666826,-0.7293997965412004,-0.7309417040358743,-0.9676214201382288,-0.9589473699677097,-0.9683055736704282,1.0,0.09230751865845721,0.23877059479440876,0.8220857675416231,0.16569011811997214,0.2367816694279603,0.7480314960629921,0.35433070866141736,-0.2913385826771654,0.9907798161582342,0.6215654296875
-0.4552417424605073,-0.4038657171922685,-0.4170403587443946,-0.4495641243983862,-0.48526318779233657,-0.5538399009681042,-0.21084337349397586,-0.24102576168332523,-0.45626481526199614,-0.30674848936133037,-0.3920787485324746,-0.5678160845392224,0.811023622047244,0.7007874015748032,0.49606299212598426,-0.0771224733382937,0.13001484374999994
-1.0,-1.0,-0.8923766816143498,-1.0,-1.0,-1.0,-0.8373493975903614,-0.8769230964891879,-0.706855813445598,-0.6748466294290953,-0.7623623095827459,-0.49885057034502145,0.8740157480314961,0.8425196850393701,-0.4173228346456693,-0.18631320529513884,0.9809216796875
-0.6275730014360938,-0.5462868769074262,-1.0,-0.9190535488496134,-0.9178947500512487,-0.9382364817109389,-0.47590361445783125,-0.5179487945826526,-0.565011852209597,-0.4846625891658066,-0.5701898299567676,-0.7425287403807035,-0.6535433070866141,0.68503937007874,0.5905511811023623,-0.19165833488343254,0.002363476562500022
-0.4552417424605073,-0.4038657171922685,-0.4170403587443946,-0.4495641243983862,-0.48526318779233657,-0.5538399009681042,-0.8373493975903614,-0.5589744290862566,-0.4278960230147961,-0.6748466294290953,-0.2514647327329702,0.35632182333670515,0.68503937007874,0.7007874015748032,-0.023622047244094446,-0.5511117117745536,0.6029443359375
-0.7424605074198181,-0.7090539165818921,-0.7937219730941705,-0.8244084577462927,-0.8557894758750861,-0.8220235669461582,-0.8373493975903614,-0.5589744290862566,-0.4278960230147961,-0.6748466294290953,-0.2514647327329702,0.35632182333670515,0.9685039370078741,0.7007874015748032,-0.7637795275590551,-0.90951169937376,0.4963021484375001
0.10004786979416003,0.7660223804679549,0.6322869955156951,0.15317550695327187,0.18947372901300197,0.2523364664805312,0.0843373493975903,0.05128188415485346,0.38534268807160976,0.04294476212719944,-0.07804079154982824,0.10344823815323734,0.46456692913385833,0.9370078740157479,0.5118110236220472,-0.7281475733196925,-0.9166466796875
-0.6275730014360938,-0.5462868769074262,-1.0,-0.9190535488496134,-0.9178947500512487,-0.9382364817109389,0.8132530120481929,1.0,1.0,1.0,1.0,1.0,-0.007874015748031482,-0.3858267716535433,0.7165354330708662,-0.33022790333581353,-0.34788867187500006
1.0,0.87792472024415,1.0,1.0,1.0,1.0,-0.8373493975903614,-0.5589744290862566,-0.4278960230147961,-0.6748466294290953,-0.2514647327329702,0.35632182333670515,0.7165354330708662,1.0,-0.2913385826771654,0.8600661504836309,0.6360796875000001
-1.0,-1.0,-0.8923766816143498,-1.0,-1.0,-1.0,-0.07228915662650581,-0.15384628836316694,-0.14420810054279387,-0.07361965012253646,-0.2327161942901339,-0.32873563312345466,-0.19685039370078738,0.6062992125984252,-0.13385826771653542,0.7178042457217262,-0.4065099609375
1.0,0.87792472024415,1.0,1.0,1.0,1.0,-0.9879518072289155,-0.9384615482445939,-0.706855813445598,-0.9791411026939509,-0.7811108480255822,-0.49885057034502145,-0.5905511811023623,0.8740157480314961,-0.19685039370078738,0.600032939608135,-0.8596580078125
-0.8822403063666826,-0.7293997965412004,-0.7309417040358743,-0.9676214201382288,-0.9589473699677097,-0.9683055736704282,1.0,0.09230751865845721,0.23877059479440876,0.8220857675416231,0.16569011811997214,0.2367816694279603,0.7480314960629921,-0.07086614173228345,0.1968503937007875,-0.6416040814112103,-0.72980185546875
-0.37865007180469135,-0.5462868769074262,-0.6053811659192825,-0.5765877983553954,-0.5621052779695985,-0.6342949988090543,0.37349397590361444,0.4666664335038442,0.7304966202239849,0.5644170621245264,0.4984767148934104,0.7287356728891317,0.49606299212598426,-0.07086614173228345,1.0,-0.6000770205543156,-0.18784023437499997
0.10004786979416003,0.7660223804679549,0.6322869955156951,0.15317550695327187,0.18947372901300197,0.2523364664805312,0.8132530120481929,1.0,1.0,1.0,1.0,1.0,0.9370078740157479,-0.7007874015748031,0.4330708661417322,0.5446395631820435,0.059273437499999915
-0.17759693633317364,0.09460834181078326,-0.21076233183856496,-0.07098372408209563,-0.1747368422010973,-0.3002844825216654,-0.21084337349397586,-0.24102576168332523,-0.45626481526199614,-0.30674848936133037,-0.3920787485324746,-0.5678160845392224,0.1811023622047243,0.3700787401574803,0.35433070866141736,0.05152510385664688,0.95071796875
-0.5222594542843466,-0.46490335707019337,-0.7309417040358743,-0.6463262789782618,-0.6694737039257452,-0.6936204686838034,-0.018072289156626287,-0.2871796004998798,-0.33333338219079545,-0.16564419619396942,-0.3217717350022804,-0.48045976214149266,0.5905511811023623,0.6220472440944882,0.8740157480314961,0.31965273902529767,0.9246398437500001
-0.5222594542843466,-0.46490335707019337,-0.7309417040358743,-0.6463262789782618,-0.6694737039257452,-0.6936204686838034,-0.47590361445783125,-0.5179487945826526,-0.565011852209597,-0.4846625891658066,-0.5701898299567676,-0.7425287403807035,0.8425196850393701,-0.8267716535433071,-1.0,0.36488889663938484,-0.89410830078125
-0.12015318334131164,-0.25127161749745663,-0.1659192825112107,-0.23536737958196707,-0.24210523062751732,-0.39455501622669253,0.8132530120481929,1.0,1.0,1.0,1.0,1.0,0.9685039370078741,-0.19685039370078738,0.8740157480314961,-0.37783881293402777,0.1259482421875
-0.4552417424605073,-0.4038657171922685,-0.4170403587443946,-0.4495641243983862,-0.48526318779233657,-0.5538399009681042,-0.8373493975903614,-0.5589744290862566,-0.4278960230147961,-0.6748466294290953,-0.2514647327329702,0.35632182333670515,-0.08661417322834641,-0.25984251968503935,0.10236220472440949,-0.748548816499256,-0.99817568359375
-0.12015318334131164,-0.25127161749745663,-0.1659192825112107,-0.23536737958196707,-0.24210523062751732,-0.39455501622669253,-0.018072289156626287,-0.2871796004998798,-0.33333338219079545,-0.16564419619396942,-0.3217717350022804,-0.48045976214149266,0.7480314960629921,-0.10236220472440949,-0.07086614173228345,0.38988463386656735,0.9373101562499999
-0.37865007180469135,-0.5462868769074262,-0.6053811659192825,-0.5765877983553954,-0.5621052779695985,-0.6342949988090543,-0.8373493975903614,-0.8769230964891879,-0.706855813445598,-0.6748466294290953,-0.7623623095827459,-0.49885057034502145,0.4173228346456692,-0.6535433070866141,0.8740157480314961,-0.37134796626984123,-0.030771679687500053
-0.6275730014360938,-0.5462868769074262,-1.0,-0.9190535488496134,-0.9178947500512487,-0.9382364817109389,-0.47590361445783125,-0.5179487945826526,-0.565011852209597,-0.4846625891658066,-0.5701898299567676,-0.7425287403807035,0.5118110236220472,0.9370078740157479,0.30708661417322825,0.1469988141741072,0.842281640625
-0.8822403063666826,-0.7293997965412004,-0.7309417040358743,-0.9676214201382288,-0.9589473699677097,-0.9683055736704282,-0.7650602409638554,-0.7230769671006727,-0.7730496620223984,-0.6503067485114703,-0.6967424475545867,-0.8758620722412339,-0.5590551181102362,0.4330708661417322,-0.16535433070866146,0.5501278831845238,0.0743841796875
-0.4552417424605073,-0.8514750762970498,-0.874439461883408,-0.8704856895286672,-0.8789473657190614,-0.9203575732490236,0.0843373493975903,0.05128188415485346,0.38534268807160976,0.04294476212719944,-0.07804079154982824,0.10344823815323734,0.7322834645669292,-0.4330708661417323,-0.25984251968503935,0.07123539031498005,0.9346375
-1.0,-1.0,-0.8923766816143498,-1.0,-1.0,-1.0,-0.07228915662650581,-0.15384628836316694,-0.14420810054279387,-0.07361965012253646,-0.2327161942901339,-0.32873563312345466,-0.10236220472440949,0.7165354330708662,-0.40157480314960625,0.8716054765004961,0.7470005859375
1.0,0.87792472024415,1.0,1.0,1.0,1.0,0.37349397590361444,0.4666664335038442,0.7304966202239849,0.5644170621245264,0.4984767148934104,0.7287356728891317,0.9685039370078741,0.14960629921259838,-0.16535433070866146,0.4877737862723215,-0.53984970703125
-0.37865007180469135,-0.5462868769074262,-0.6053811659192825,-0.5765877983553954,-0.5621052779695985,-0.6342949988090543,1.0,0.09230751865845721,0.23877059479440876,0.8220857675416231,0.16569011811997214,0.2367816694279603,0.4330708661417322,0.811023622047244,0.11811023622047245,-0.522839839874752,-0.8362229492187501
-0.4552417424605073,-0.4038657171922685,-0.4170403587443946,-0.4495641243983862,-0.48526318779233657,-0.5538399009681042,0.37349397590361444,0.4666664335038442,0.7304966202239849,0.5644170621245264,0.4984767148934104,0.7287356728891317,0.8425196850393701,0.9685039370078741,0.795275590551181,-0.8325196281312004,-0.45178662109375
-1.0,-1.0,-0.8923766816143498,-1.0,-1.0,-1.0,-0.9096385542168675,-0.8769230964891879,-0.8581560387639989,-0.9613496941874355,-0.7623623095827459,-0.935632193379692,0.795275590551181,-0.07086614173228345,0.7007874015748032,-0.6174167209201389,-0.22982187499999995
-1.0,-1.0,-0.8923766816143498,-1.0,-1.0,-1.0,-0.47590361445783125,-0.5179487945826526,-0.565011852209597,-0.4846625891658066,-0.5701898299567676,-0.7425287403807035,0.68503937007874,-0.3858267716535433,-0.5118110236220472,0.7974444676959325,-0.44464736328125
-1.0,-1.0,-0.8923766816143498,-1.0,-1.0,-1.0,0.0843373493975903,0.05128188415485346,0.38534268807160976,0.04294476212719944,-0.07804079154982824,0.10344823815323734,0.8740157480314961,0.4173228346456692,0.49606299212598426,-0.7998415023561508,0.159249609375
-0.5222594542843466,-0.46490335707019337,-0.7309417040358743,-0.6463262789782618,-0.6694737039257452,-0.6936204686838034,0.37349397590361444,0.4666664335038442,0.7304966202239849,0.5644170621245264,0.4984767148934104,0.7287356728891317,0.9527559055118111,0.11811023622047245,0.9527559055118111,0.8066572885664682,0.9867162109375001
-0.7424605074198181,-0.7090539165818921,-0.7937219730941705,-0.8244084577462927,-0.8557894758750861,-0.8220235669461582,-0.21084337349397586,-0.24102576168332523,-0.45626481526199614,-0.30674848936133037,-0.3920787485324746,-0.5678160845392224,-0.35433070866141736,-0.023622047244094446,0.8425196850393701,-0.6738257998511905,-0.33688066406249995
-0.37865007180469135,-0.5462868769074262,-0.6053811659192825,-0.5765877983553954,-0.5621052779695985,-0.6342949988090543,-0.5843373493975902,-0.6307692894675637,-0.6690307571159977,-0.5644171947784271,-0.6358097032458108,-0.8114942545749044,0.46456692913385833,0.32283464566929143,0.984251968503937,-0.4915897429935516,0.22607050781250004
-0.6275730014360938,-0.5462868769074262,-1.0,-0.9190535488496134,-0.9178947500512487,-0.9382364817109389,-0.34337349397590355,-0.40512829969774156,-0.4137116268911958,-0.398773020693441,-0.4998828276874574,-0.6367816097794448,0.6692913385826771,0.11811023622047245,0.30708661417322825,-0.08743450830853172,-0.995260546875
0.14791766395404493,0.04374364191251279,0.42600896860986537,0.00871736243641097,-0.05263170140214424,-0.11336845270683527,0.0843373493975903,0.05128188415485346,0.38534268807160976,0.04294476212719944,-0.07804079154982824,0.10344823815323734,0.8740157480314961,-0.3385826771653543,-0.007874015748031482,0.5128280397445437,0.39640410156249994
-0.12015318334131164,-0.25127161749745663,-0.1659192825112107,-0.23536737958196707,-0.24210523062751732,-0.39455501622669253,0.37349397590361444,0.4666664335038442,0.7304966202239849,0.5644170621245264,0.4984767148934104,0.7287356728891317,-0.6535433070866141,0.35433070866141736,1.0,-0.5943715897817461,-0.11545742187499997
-0.8822403063666826,-0.7293997965412004,-0.7309417040358743,-0.9676214201382288,-0.9589473699677097,-0.9683055736704282,-0.5843373493975902,-0.6307692894675637,-0.6690307571159977,-0.5644171947784271,-0.6358097032458108,-0.8114942545749044,-0.03937007874015752,-0.08661417322834641,-0.30708661417322836,0.09439600384424596,0.0994236328125
-0.7424605074198181,-0.7090539165818921,-0.7937219730941705,-0.8244084577462927,-0.8557894758750861,-0.8220235669461582,0.37349397590361444,0.4666664335038442,0.7304966202239849,0.5644170621245264,0.4984767148934104,0.7287356728891317,-0.6062992125984252,-0.023622047244094446,0.7165354330708662,0.16009366474454367,-0.21580156250000004
-0.5222594542843466,-0.46490335707019337,-0.7309417040358743,-0.6463262789782618,-0.6694737039257452,-0.6936204686838034,-0.8373493975903614,-0.5589744290862566,-0.4278960230147961,-0.6748466294290953,-0.2514647327329702,0.35632182333670515,-0.5275590551181102,0.9527559055118111,0.4803149606299213,0.29861983041914675,-0.393728125
-0.4552417424605073,-0.8514750762970498,-0.874439461883408,-0.8704856895286672,-0.8789473657190614,-0.9203575732490236,0.0843373493975903,0.05128188415485346,0.38534268807160976,0.04294476212719944,-0.07804079154982824,0.10344823815323734,0.8740157480314961,-0.7637795275590551,0.6220472440944882,-0.3495874798487103,-0.04684335937499995
-0.37865007180469135,-0.5462868769074262,-0.6053811659192825,-0.5765877983553954,-0.5621052779695985,-0.6342949988090543,1.0,0.09230751865845721,0.23877059479440876,0.8220857675416231,0.16569011811997214,0.2367816694279603,-0.007874015748031482,0.811023622047244,0.22834645669291342,0.32976500496031735,0.671975
-0.5222594542843466,-0.46490335707019337,-0.7309417040358743,-0.6463262789782618,-0.6694737039257452,-0.6936204686838034,0.37349397590361444,0.4666664335038442,0.7304966202239849,0.5644170621245264,0.4984767148934104,0.7287356728891317,0.7007874015748032,-0.905511811023622,0.811023622047244,0.0799713619171627,-0.8638984375000001
